MatchID,TeamID,OriginPlayerID,DestinationPlayerID,MatchPeriod,EventTime,EventSubType,EventOrigin_x,EventOrigin_y,EventDestination_x,EventDestination_y
1,Huskies,Huskies_D1,Huskies_F1,1H,46.323501,Head pass,34,97,59,95
1,Huskies,Huskies_M1,Huskies_F2,1H,51.022546,Simple pass,53,89,69,91
1,Opponent1,Opponent1_D2,Opponent1_G1,1H,89.008721,Simple pass,19,16,5,50
1,Opponent1,Opponent1_G1,Opponent1_F1,1H,92.21616,Launch,5,50,67,44
1,Huskies,Huskies_M2,Huskies_M3,1H,98.265191,Simple pass,42,55,36,54
1,Opponent1,Opponent1_D1,Opponent1_F2,1H,109.025545,Simple pass,30,11,31,22
1,Opponent1,Opponent1_F2,Opponent1_D2,1H,111.025997,Simple pass,31,22,27,23
1,Opponent1,Opponent1_D2,Opponent1_M1,1H,112.856148,High pass,27,23,36,6
1,Huskies,Huskies_D1,Huskies_F1,1H,130.65653,Head pass,34,91,52,97
1,Opponent1,Opponent1_F2,Opponent1_D3,1H,151.85275,Simple pass,48,12,46,56
1,Opponent1,Opponent1_D3,Opponent1_M2,1H,154.636116,Simple pass,46,56,56,68
1,Huskies,Huskies_D1,Huskies_G1,1H,161.22147,Simple pass,14,65,11,50
1,Huskies,Huskies_G1,Huskies_G1,1H,164.626056,Hand pass,11,50,5,45
1,Huskies,Huskies_D1,Huskies_D2,1H,247.469049,Simple pass,17,92,22,62
1,Huskies,Huskies_D2,Huskies_D3,1H,249.694665,Simple pass,22,62,19,24
1,Huskies,Huskies_D3,Huskies_G1,1H,251.513079,Simple pass,19,24,8,45
1,Huskies,Huskies_G1,Huskies_D3,1H,257.295203,Simple pass,8,45,19,13
1,Huskies,Huskies_D3,Huskies_G1,1H,259.614989,Simple pass,19,13,12,38
1,Huskies,Huskies_D2,Huskies_D3,1H,286.49734,Simple pass,48,50,55,24
1,Huskies,Huskies_D3,Huskies_D4,1H,288.281009,Simple pass,55,24,60,5
1,Huskies,Huskies_D4,Huskies_D3,1H,291.122151,Simple pass,60,5,33,21
1,Huskies,Huskies_D3,Huskies_G1,1H,294.666496,Simple pass,33,21,15,70
1,Huskies,Huskies_G1,Huskies_F1,1H,298.519487,High pass,15,70,60,99
1,Opponent1,Opponent1_M1,Opponent1_D1,1H,318.875721,Simple pass,55,12,62,9
1,Huskies,Huskies_D1,Huskies_M3,1H,325.77883,Simple pass,19,98,35,86
1,Huskies,Huskies_M3,Huskies_M1,1H,329.565823,Simple pass,35,86,30,97
1,Huskies,Huskies_M2,Huskies_D3,1H,349.651805,Simple pass,47,59,47,27
1,Huskies,Huskies_D3,Huskies_M3,1H,352.602839,Simple pass,47,27,45,40
1,Huskies,Huskies_M3,Huskies_D3,1H,354.424746,Simple pass,45,40,47,12
1,Opponent1,Opponent1_D4,Opponent1_M3,1H,380.02212,Simple pass,19,68,27,65
1,Opponent1,Opponent1_M3,Opponent1_D3,1H,380.840808,Simple pass,27,65,27,90
1,Huskies,Huskies_G1,Huskies_D1,1H,390.709116,Hand pass,8,55,25,94
1,Huskies,Huskies_D1,Huskies_D2,1H,395.609802,Simple pass,25,94,24,55
1,Huskies,Huskies_D2,Huskies_D3,1H,398.392099,Simple pass,24,55,24,20
1,Huskies,Huskies_D3,Huskies_M2,1H,401.473688,Simple pass,24,20,33,20
1,Huskies,Huskies_M2,Huskies_M3,1H,402.505899,Simple pass,33,20,33,35
1,Huskies,Huskies_M3,Huskies_D3,1H,403.23103,Simple pass,33,35,24,24
1,Huskies,Huskies_D3,Huskies_D2,1H,405.513278,Simple pass,24,24,29,68
1,Huskies,Huskies_D2,Huskies_D1,1H,409.395151,Simple pass,29,68,25,88
1,Huskies,Huskies_D1,Huskies_M1,1H,411.012684,Simple pass,25,88,31,99
1,Huskies,Huskies_M1,Huskies_D1,1H,413.899208,Simple pass,31,99,27,88
1,Huskies,Huskies_D1,Huskies_D2,1H,415.523873,Simple pass,27,88,29,53
1,Huskies,Huskies_D2,Huskies_D3,1H,417.778381,Simple pass,29,53,37,14
1,Huskies,Huskies_D3,Huskies_M2,1H,421.153644,Simple pass,37,14,42,16
1,Huskies,Huskies_M2,Huskies_D2,1H,423.251583,Simple pass,42,16,36,54
1,Huskies,Huskies_D2,Huskies_D1,1H,426.777238,Simple pass,36,54,32,85
1,Huskies,Huskies_D1,Huskies_F2,1H,429.550573,Simple pass,32,85,59,67
1,Opponent1,Opponent1_M3,Opponent1_F2,1H,432.039458,Simple pass,42,30,47,50
1,Opponent1,Opponent1_F2,Opponent1_D3,1H,435.131832,Simple pass,47,50,41,54
1,Opponent1,Opponent1_D3,Opponent1_G1,1H,437.284701,Simple pass,41,54,14,55
1,Opponent1,Opponent1_G1,Opponent1_D3,1H,440.931405,Simple pass,14,55,36,85
1,Opponent1,Opponent1_D3,Opponent1_M3,1H,446.42999,Simple pass,36,85,41,70
1,Opponent1,Opponent1_M3,Opponent1_D2,1H,448.823337,Simple pass,41,70,51,13
1,Opponent1,Opponent1_D2,Opponent1_D1,1H,452.249359,High pass,51,13,84,12
1,Huskies,Huskies_M3,Huskies_D1,1H,470.526751,Simple pass,38,74,23,81
1,Huskies,Huskies_D1,Huskies_D2,1H,472.345004,Simple pass,23,81,33,56
1,Huskies,Huskies_D2,Huskies_D3,1H,475.81912,Simple pass,33,56,31,16
1,Huskies,Huskies_D3,Huskies_D2,1H,478.063252,Simple pass,31,16,35,59
1,Huskies,Huskies_D2,Huskies_M3,1H,483.459683,Simple pass,35,59,37,42
1,Huskies,Huskies_M3,Huskies_D2,1H,486.904146,Simple pass,37,42,41,84
1,Huskies,Huskies_D2,Huskies_M1,1H,488.642046,Simple pass,41,84,49,97
1,Huskies,Huskies_M1,Huskies_D1,1H,492.913649,Simple pass,49,97,40,86
1,Huskies,Huskies_D1,Huskies_D2,1H,495.203497,Simple pass,40,86,43,46
1,Huskies,Huskies_D2,Huskies_D3,1H,499.177369,Simple pass,43,46,44,13
1,Opponent1,Opponent1_F3,Opponent1_F2,1H,504.396917,Simple pass,54,84,55,48
1,Opponent1,Opponent1_F2,Opponent1_M2,1H,506.680864,Simple pass,55,48,55,32
1,Opponent1,Opponent1_M2,Opponent1_D1,1H,510.874655,Simple pass,55,32,43,28
1,Opponent1,Opponent1_D1,Opponent1_D2,1H,512.290179,Simple pass,43,28,41,38
1,Opponent1,Opponent1_D2,Opponent1_M3,1H,516.923641,Simple pass,61,52,57,86
1,Opponent1,Opponent1_M3,Opponent1_F3,1H,520.306956,Smart pass,57,86,99,72
1,Opponent1,Opponent1_M3,Opponent1_D1,1H,605.781783,Simple pass,62,68,55,29
1,Opponent1,Opponent1_D1,Opponent1_M1,1H,607.665948,Simple pass,55,29,60,27
1,Opponent1,Opponent1_M1,Opponent1_M2,1H,609.742066,Simple pass,60,27,71,8
1,Opponent1,Opponent1_M2,Opponent1_F2,1H,611.626465,Simple pass,71,8,67,14
1,Opponent1,Opponent1_F2,Opponent1_M2,1H,614.115182,Smart pass,67,14,90,7
1,Opponent1,Opponent1_D2,Opponent1_F2,1H,628.545296,Head pass,53,15,75,10
1,Huskies,Huskies_D2,Huskies_F2,1H,634.315811,Simple pass,35,61,32,72
1,Huskies,Huskies_D1,Huskies_D3,1H,638.716336,Simple pass,20,67,22,37
1,Huskies,Huskies_D3,Huskies_M3,1H,644.849345,Simple pass,41,42,44,35
1,Huskies,Huskies_M3,Huskies_M2,1H,648.45343,Simple pass,44,35,58,25
1,Huskies,Huskies_M2,Huskies_M3,1H,648.788178,Simple pass,58,25,44,45
1,Huskies,Huskies_M3,Huskies_D1,1H,654.272547,Simple pass,44,45,45,88
1,Huskies,Huskies_D1,Huskies_M1,1H,656.786591,Simple pass,45,88,46,66
1,Huskies,Huskies_M1,Huskies_D2,1H,658.984182,Simple pass,46,66,35,53
1,Huskies,Huskies_D2,Huskies_D3,1H,660.927154,Simple pass,35,53,36,26
1,Huskies,Huskies_D3,Huskies_D4,1H,662.816659,Simple pass,36,26,44,9
1,Huskies,Huskies_D4,Huskies_D3,1H,664.192536,Simple pass,44,9,29,28
1,Huskies,Huskies_D3,Huskies_D1,1H,666.398299,Simple pass,29,28,30,88
1,Huskies,Huskies_D1,Huskies_M1,1H,670.794207,Simple pass,30,88,54,98
1,Huskies,Huskies_M1,Huskies_D1,1H,672.485389,Simple pass,54,98,40,88
1,Huskies,Huskies_D1,Huskies_D2,1H,677.030895,Simple pass,40,88,39,58
1,Huskies,Huskies_D2,Huskies_D3,1H,679.627443,Simple pass,39,58,42,22
1,Huskies,Huskies_D3,Huskies_D4,1H,681.346038,Simple pass,42,22,45,7
1,Opponent1,Opponent1_G1,Opponent1_D3,1H,694.414732,Hand pass,13,69,28,96
1,Opponent1,Opponent1_D3,Opponent1_M2,1H,698.002619,Simple pass,28,96,32,91
1,Opponent1,Opponent1_M2,Opponent1_G1,1H,699.267219,Simple pass,32,91,9,64
1,Huskies,Huskies_M2,Huskies_D4,1H,717.476578,Simple pass,88,10,94,5
1,Huskies,Huskies_D4,Huskies_M2,1H,719.441687,Simple pass,94,5,82,5
1,Huskies,Huskies_M3,Huskies_D3,1H,763.935874,Simple pass,31,4,26,15
1,Huskies,Huskies_D3,Huskies_D2,1H,766.375013,Simple pass,26,15,28,46
1,Huskies,Huskies_D2,Huskies_D1,1H,768.959506,Simple pass,28,46,27,75
1,Huskies,Huskies_M1,Huskies_F2,1H,831.334785,Simple pass,20,54,23,63
1,Huskies,Huskies_F2,Huskies_F1,1H,833.172272,Head pass,23,63,31,97
1,Huskies,Huskies_F3,Huskies_M2,1H,876.588559,Simple pass,41,13,37,25
1,Huskies,Huskies_M2,Huskies_F3,1H,877.617215,Simple pass,37,25,44,11
1,Huskies,Huskies_D3,Huskies_F3,1H,888.407529,High pass,43,40,76,8
1,Opponent1,Opponent1_G1,Opponent1_D2,1H,907.768956,Simple pass,19,61,42,16
1,Opponent1,Opponent1_D2,Opponent1_F1,1H,911.123578,High pass,42,16,85,48
1,Huskies,Huskies_D1,Huskies_F3,1H,918.981968,Simple pass,29,79,54,51
1,Huskies,Huskies_D2,Huskies_D1,1H,940.147302,Simple pass,28,49,27,80
1,Opponent1,Opponent1_F2,Opponent1_M1,1H,948.626794,Simple pass,30,16,37,33
1,Opponent1,Opponent1_M1,Opponent1_M2,1H,952.727927,Simple pass,37,33,47,54
1,Opponent1,Opponent1_M1,Opponent1_F1,1H,974.161228,Simple pass,58,10,73,15
1,Huskies,Huskies_M2,Huskies_D2,1H,977.642684,Simple pass,36,73,27,85
1,Opponent1,Opponent1_F1,Opponent1_M1,1H,978.084482,Simple pass,71,20,56,26
1,Opponent1,Opponent1_M1,Opponent1_D3,1H,978.887699,Simple pass,56,26,63,60
1,Opponent1,Opponent1_D3,Opponent1_M1,1H,983.654621,Simple pass,63,60,60,36
1,Opponent1,Opponent1_M1,Opponent1_M2,1H,987.186874,Simple pass,60,36,71,67
1,Opponent1,Opponent1_M2,Opponent1_D3,1H,989.23669,Simple pass,71,67,57,71
1,Opponent1,Opponent1_D3,Opponent1_M1,1H,991.232253,Simple pass,57,71,55,52
1,Opponent1,Opponent1_M1,Opponent1_D2,1H,995.008376,Simple pass,55,52,58,32
1,Opponent1,Opponent1_D2,Opponent1_M3,1H,997.713151,Simple pass,58,32,65,40
1,Opponent1,Opponent1_M3,Opponent1_M1,1H,999.236592,Simple pass,65,40,64,56
1,Opponent1,Opponent1_M1,Opponent1_D2,1H,1002.00926,Simple pass,64,56,75,30
1,Opponent1,Opponent1_D2,Opponent1_F2,1H,1003.705746,Simple pass,75,30,72,59
1,Opponent1,Opponent1_M2,Opponent1_M2,1H,1017.845967,Simple pass,78,18,74,8
1,Opponent1,Opponent1_M2,Opponent1_M1,1H,1018.977244,Simple pass,74,8,64,40
1,Opponent1,Opponent1_M1,Opponent1_F2,1H,1024.129555,Simple pass,64,40,69,58
1,Opponent1,Opponent1_F2,Opponent1_M1,1H,1025.488721,Simple pass,69,58,64,53
1,Opponent1,Opponent1_M1,Opponent1_D3,1H,1026.600096,Simple pass,64,53,74,83
1,Opponent1,Opponent1_D3,Opponent1_F2,1H,1032.126828,Simple pass,74,83,66,67
1,Opponent1,Opponent1_M3,Opponent1_D3,1H,1048.457823,Simple pass,80,79,80,84
1,Huskies,Huskies_D3,Huskies_G1,1H,1080.525643,Simple pass,15,18,13,45
1,Huskies,Huskies_G1,Huskies_M1,1H,1083.673768,High pass,13,45,39,97
1,Huskies,Huskies_M1,Huskies_D1,1H,1086.548868,Head pass,39,97,31,77
1,Huskies,Huskies_D1,Huskies_M3,1H,1088.3517,Simple pass,31,77,33,47
1,Huskies,Huskies_M3,Huskies_D3,1H,1092.134846,Simple pass,33,47,29,12
1,Huskies,Huskies_D3,Huskies_D4,1H,1098.1089,Simple pass,71,8,72,7
1,Huskies,Huskies_D3,Huskies_D1,1H,1114.347374,Simple pass,58,8,41,73
1,Huskies,Huskies_M3,Huskies_M1,1H,1124.056621,Simple pass,62,62,62,72
1,Huskies,Huskies_M1,Huskies_F2,1H,1128.904817,Simple pass,62,72,70,78
1,Huskies,Huskies_F2,Huskies_M1,1H,1129.81297,Simple pass,70,78,74,60
1,Huskies,Huskies_M1,Huskies_F1,1H,1145.628269,Simple pass,65,96,70,98
1,Huskies,Huskies_F1,Huskies_F2,1H,1148.496105,Simple pass,70,98,68,83
1,Huskies,Huskies_F2,Huskies_D3,1H,1150.556157,Simple pass,68,83,66,38
1,Huskies,Huskies_D3,Huskies_D4,1H,1154.053777,Simple pass,66,38,79,4
1,Huskies,Huskies_M2,Huskies_M1,1H,1184.199743,Simple pass,70,8,65,61
1,Opponent1,Opponent1_D2,Opponent1_G1,1H,1212.753315,Simple pass,33,14,18,55
1,Opponent1,Opponent1_G1,Opponent1_F3,1H,1228.919596,Launch,18,55,76,88
1,Huskies,Huskies_M3,Huskies_D4,1H,1234.888756,Simple pass,28,19,19,5
1,Huskies,Huskies_D4,Huskies_D2,1H,1237.056443,Simple pass,19,5,21,39
1,Huskies,Huskies_D2,Huskies_D1,1H,1240.195071,Simple pass,21,39,27,76
1,Huskies,Huskies_D1,Huskies_M1,1H,1243.277878,Simple pass,27,76,40,96
1,Huskies,Huskies_M1,Huskies_F1,1H,1246.983038,High pass,40,96,74,98
1,Huskies,Huskies_M2,Huskies_G1,1H,1285.762328,Head pass,29,52,12,43
1,Huskies,Huskies_G1,Huskies_M1,1H,1299.229819,High pass,12,43,44,81
1,Huskies,Huskies_M1,Huskies_F2,1H,1304.927402,Simple pass,44,81,49,75
1,Huskies,Huskies_F2,Huskies_D1,1H,1306.588143,Simple pass,49,75,34,80
1,Huskies,Huskies_D1,Huskies_D2,1H,1308.752362,Simple pass,34,80,28,51
1,Huskies,Huskies_D2,Huskies_D3,1H,1311.029947,Simple pass,28,51,38,24
1,Huskies,Huskies_D3,Huskies_M1,1H,1314.932615,Simple pass,38,24,42,67
1,Huskies,Huskies_M1,Huskies_F2,1H,1317.250553,Simple pass,42,67,54,92
1,Huskies,Huskies_F2,Huskies_M1,1H,1318.781728,Simple pass,54,92,61,79
1,Huskies,Huskies_F1,Huskies_F2,1H,1323.783423,Simple pass,70,98,72,100
1,Huskies,Huskies_F3,Huskies_D2,1H,1336.828397,Simple pass,60,92,53,78
1,Huskies,Huskies_D2,Huskies_D3,1H,1338.621719,Simple pass,53,78,61,18
1,Huskies,Huskies_D3,Huskies_M3,1H,1342.78861,Simple pass,61,18,55,51
1,Huskies,Huskies_M3,Huskies_M1,1H,1347.364783,Simple pass,55,51,51,68
1,Huskies,Huskies_M1,Huskies_D1,1H,1351.186662,Simple pass,51,68,62,99
1,Huskies,Huskies_D1,Huskies_M1,1H,1355.635433,Simple pass,62,99,58,93
1,Huskies,Huskies_M1,Huskies_D2,1H,1357.802034,Simple pass,58,93,45,60
1,Huskies,Huskies_D2,Huskies_D3,1H,1360.51092,Simple pass,45,60,53,29
1,Huskies,Huskies_D3,Huskies_M2,1H,1364.552237,Simple pass,53,29,65,22
1,Huskies,Huskies_M2,Huskies_M3,1H,1365.514369,Simple pass,65,22,59,37
1,Huskies,Huskies_M3,Huskies_M2,1H,1367.816744,Simple pass,60,33,57,23
1,Huskies,Huskies_M2,Huskies_M3,1H,1368.148627,Simple pass,57,23,68,7
1,Huskies,Huskies_M3,Huskies_D3,1H,1371.360714,Simple pass,68,7,51,20
1,Huskies,Huskies_D3,Huskies_D2,1H,1373.937659,Simple pass,51,20,47,56
1,Huskies,Huskies_D2,Huskies_D1,1H,1377.038876,Simple pass,47,56,60,87
1,Huskies,Huskies_D1,Huskies_F1,1H,1380.185092,Simple pass,60,87,68,97
1,Huskies,Huskies_F1,Huskies_D1,1H,1382.378471,Simple pass,68,97,89,96
1,Huskies,Huskies_D1,Huskies_D4,1H,1384.757142,Cross,89,96,98,3
1,Huskies,Huskies_M2,Huskies_D4,1H,1480.756475,Simple pass,50,13,50,7
1,Huskies,Huskies_D4,Huskies_D3,1H,1482.471513,Simple pass,50,7,39,15
1,Huskies,Huskies_F3,Huskies_D3,1H,1497.018515,Simple pass,57,10,53,5
1,Huskies,Huskies_D3,Huskies_G1,1H,1539.323848,Simple pass,11,18,3,33
1,Huskies,Huskies_G1,Huskies_F1,1H,1542.460396,High pass,3,33,39,98
1,Huskies,Huskies_F2,Huskies_M3,1H,1563.565089,Simple pass,53,75,41,75
1,Huskies,Huskies_M3,Huskies_D1,1H,1565.577677,Simple pass,41,75,35,79
1,Huskies,Huskies_D1,Huskies_D2,1H,1566.797006,Simple pass,35,79,31,47
1,Huskies,Huskies_D2,Huskies_D3,1H,1569.287655,Simple pass,31,47,43,12
1,Huskies,Huskies_D3,Huskies_M2,1H,1573.214242,Simple pass,43,12,61,17
1,Huskies,Huskies_M2,Huskies_D3,1H,1574.779483,Simple pass,61,17,58,39
1,Huskies,Huskies_D3,Huskies_M1,1H,1577.213654,Simple pass,58,39,47,71
1,Huskies,Huskies_M1,Huskies_M3,1H,1587.209976,Simple pass,47,71,40,81
1,Huskies,Huskies_M3,Huskies_D2,1H,1589.202639,Simple pass,40,81,48,31
1,Huskies,Huskies_D2,Huskies_F2,1H,1591.554177,Simple pass,48,31,48,26
1,Huskies,Huskies_F2,Huskies_D3,1H,1598.02757,Simple pass,48,26,66,7
1,Huskies,Huskies_M1,Huskies_F2,1H,1633.128835,Simple pass,47,42,56,34
1,Huskies,Huskies_F2,Huskies_D4,1H,1637.294235,Simple pass,71,25,80,5
1,Huskies,Huskies_D4,Huskies_F2,1H,1640.147845,Simple pass,80,5,74,25
1,Huskies,Huskies_G1,Huskies_D1,1H,1657.171668,Hand pass,9,27,38,81
1,Huskies,Huskies_D1,Huskies_D2,1H,1665.270361,Simple pass,38,81,33,54
1,Huskies,Huskies_D2,Huskies_D1,1H,1669.642262,Simple pass,33,54,39,80
1,Huskies,Huskies_D1,Huskies_F2,1H,1671.45486,Simple pass,39,80,51,93
1,Huskies,Huskies_F2,Huskies_D1,1H,1673.213406,Simple pass,51,93,42,85
1,Huskies,Huskies_D1,Huskies_D2,1H,1677.421522,Simple pass,42,85,35,57
1,Huskies,Huskies_D2,Huskies_D3,1H,1679.747834,Simple pass,35,57,46,19
1,Huskies,Huskies_D3,Huskies_D4,1H,1683.925207,Simple pass,46,19,49,5
1,Huskies,Huskies_D4,Huskies_M3,1H,1685.592344,Simple pass,49,5,55,18
1,Huskies,Huskies_M3,Huskies_M2,1H,1687.033235,Simple pass,55,18,57,13
1,Huskies,Huskies_M2,Huskies_D4,1H,1688.522032,Simple pass,57,13,50,6
1,Opponent1,Opponent1_M1,Opponent1_M2,1H,1693.228444,Simple pass,38,72,62,67
1,Huskies,Huskies_M2,Huskies_F1,1H,1704.03903,Simple pass,23,76,47,96
1,Huskies,Huskies_M1,Huskies_M3,1H,1746.903336,Simple pass,56,75,54,40
1,Huskies,Huskies_M3,Huskies_D3,1H,1750.189462,Simple pass,54,40,59,13
1,Huskies,Huskies_D3,Huskies_D2,1H,1754.896087,Simple pass,59,13,59,52
1,Huskies,Huskies_D2,Huskies_F2,1H,1757.479116,Simple pass,59,52,63,87
1,Opponent1,Opponent1_F1,Opponent1_F2,1H,1791.104249,Simple pass,79,14,68,18
1,Opponent1,Opponent1_F2,Opponent1_D4,1H,1794.176617,Simple pass,68,18,51,49
1,Opponent1,Opponent1_D4,Opponent1_M1,1H,1797.149069,Simple pass,51,49,54,57
1,Opponent1,Opponent1_M1,Opponent1_F1,1H,1799.09619,High pass,54,57,90,15
1,Opponent1,Opponent1_F1,Opponent1_D1,1H,1804.670882,Simple pass,90,15,73,8
1,Opponent1,Opponent1_D1,Opponent1_F2,1H,1808.428454,Simple pass,73,8,82,23
1,Huskies,Huskies_D2,Huskies_G1,1H,1812.953534,Simple pass,9,76,8,51
1,Huskies,Huskies_G1,Huskies_M1,1H,1822.710938,High pass,8,51,37,97
1,Huskies,Huskies_M1,Huskies_D1,1H,1826.660725,Simple pass,37,97,23,88
1,Huskies,Huskies_D1,Huskies_D2,1H,1829.697402,Simple pass,23,88,30,56
1,Huskies,Huskies_D2,Huskies_D3,1H,1832.538832,Simple pass,30,56,32,15
1,Huskies,Huskies_D3,Huskies_M3,1H,1836.667946,Simple pass,32,15,31,30
1,Huskies,Huskies_M3,Huskies_D2,1H,1838.558993,Simple pass,31,30,24,66
1,Huskies,Huskies_D2,Huskies_D1,1H,1841.354526,Simple pass,24,66,29,87
1,Huskies,Huskies_D1,Huskies_M1,1H,1846.845569,Simple pass,49,89,60,96
1,Huskies,Huskies_M1,Huskies_D1,1H,1848.000515,Simple pass,60,96,59,88
1,Huskies,Huskies_D1,Huskies_M1,1H,1851.737334,Simple pass,59,88,59,96
1,Huskies,Huskies_M1,Huskies_F1,1H,1855.768635,Simple pass,59,96,65,97
1,Huskies,Huskies_F1,Huskies_M1,1H,1857.827687,Simple pass,65,97,35,98
1,Huskies,Huskies_M1,Huskies_D1,1H,1860.404204,Simple pass,35,98,42,75
1,Huskies,Huskies_D1,Huskies_D2,1H,1863.162182,Simple pass,42,75,36,49
1,Huskies,Huskies_D2,Huskies_D3,1H,1867.026749,Simple pass,36,49,43,7
1,Huskies,Huskies_D3,Huskies_F2,1H,1871.077439,Simple pass,43,7,62,15
1,Huskies,Huskies_F2,Huskies_D3,1H,1877.423511,Simple pass,62,15,46,15
1,Huskies,Huskies_D3,Huskies_M1,1H,1880.031284,Simple pass,46,15,52,50
1,Huskies,Huskies_M3,Huskies_D1,1H,1888.719293,Simple pass,58,56,58,90
1,Huskies,Huskies_D1,Huskies_M3,1H,1893.355778,Simple pass,58,90,59,71
1,Huskies,Huskies_M3,Huskies_D1,1H,1897.04089,Simple pass,59,71,59,97
1,Opponent1,Opponent1_M2,Opponent1_M1,1H,1999.175661,Simple pass,91,93,84,92
1,Opponent1,Opponent1_F2,Opponent1_D1,1H,2033.788496,Simple pass,78,81,53,54
1,Opponent1,Opponent1_D1,Opponent1_M3,1H,2037.291987,Simple pass,53,54,58,34
1,Opponent1,Opponent1_M3,Opponent1_D2,1H,2078.86416,Simple pass,30,16,14,25
1,Opponent1,Opponent1_D2,Opponent1_F1,1H,2080.274576,High pass,14,25,54,28
1,Huskies,Huskies_M1,Huskies_M3,1H,2118.764274,Simple pass,39,96,43,88
1,Huskies,Huskies_M3,Huskies_M1,1H,2119.149915,Simple pass,43,88,38,91
1,Huskies,Huskies_M1,Huskies_D2,1H,2120.051016,Simple pass,38,91,27,57
1,Huskies,Huskies_D2,Huskies_D1,1H,2121.197577,Simple pass,27,57,27,90
1,Huskies,Huskies_D1,Huskies_D3,1H,2123.417423,High pass,27,90,31,13
1,Huskies,Huskies_M2,Huskies_M3,1H,2156.892131,Simple pass,42,18,44,23
1,Opponent1,Opponent1_D3,Opponent1_D2,1H,2160.647917,Simple pass,30,78,31,30
1,Opponent1,Opponent1_D2,Opponent1_D1,1H,2164.441078,Simple pass,31,30,34,14
1,Opponent1,Opponent1_D1,Opponent1_F2,1H,2169.746612,Simple pass,34,14,42,9
1,Opponent1,Opponent1_F2,Opponent1_D2,1H,2171.979814,Simple pass,42,9,43,6
1,Huskies,Huskies_D2,Huskies_F1,1H,2179.707154,Head pass,34,95,26,99
1,Huskies,Huskies_F1,Huskies_D1,1H,2183.016682,Simple pass,26,99,27,90
1,Huskies,Huskies_D1,Huskies_D2,1H,2184.710294,Simple pass,27,90,19,73
1,Huskies,Huskies_D2,Huskies_D3,1H,2187.707719,Simple pass,19,73,20,24
1,Huskies,Huskies_D3,Huskies_M3,1H,2190.098122,Simple pass,20,24,33,53
1,Huskies,Huskies_M3,Huskies_M2,1H,2198.159963,Simple pass,59,28,55,12
1,Opponent1,Opponent1_M3,Opponent1_F2,1H,2203.708633,Simple pass,34,63,42,37
1,Opponent1,Opponent1_F2,Opponent1_M1,1H,2207.635025,Simple pass,47,53,47,64
1,Opponent1,Opponent1_M1,Opponent1_D1,1H,2210.236728,High pass,47,64,99,16
1,Huskies,Huskies_D1,Huskies_M2,1H,2218.92057,Simple pass,4,72,21,69
1,Huskies,Huskies_M2,Huskies_M3,1H,2223.951002,Simple pass,44,65,36,54
1,Huskies,Huskies_M3,Huskies_F2,1H,2226.609406,Simple pass,36,54,44,52
1,Huskies,Huskies_D2,Huskies_D3,1H,2259.099422,Simple pass,47,56,59,27
1,Huskies,Huskies_D3,Huskies_D2,1H,2263.265102,Simple pass,59,27,45,54
1,Huskies,Huskies_D2,Huskies_D1,1H,2265.891061,Simple pass,45,54,59,87
1,Huskies,Huskies_D1,Huskies_M1,1H,2268.48019,Simple pass,59,87,58,97
1,Huskies,Huskies_M1,Huskies_F1,1H,2270.659114,Simple pass,58,97,70,97
1,Huskies,Huskies_F1,Huskies_F2,1H,2271.209893,Simple pass,70,97,64,86
1,Huskies,Huskies_F2,Huskies_M1,1H,2273.203025,Simple pass,64,86,74,84
1,Huskies,Huskies_M1,Huskies_F3,1H,2275.340976,Simple pass,74,84,79,78
1,Huskies,Huskies_F3,Huskies_F2,1H,2276.34669,Simple pass,79,78,84,77
1,Opponent1,Opponent1_D2,Opponent1_M2,1H,2281.555748,Simple pass,35,35,48,56
1,Opponent1,Opponent1_M2,Opponent1_D3,1H,2285.971589,Simple pass,48,56,59,88
1,Opponent1,Opponent1_D3,Opponent1_F3,1H,2288.089607,Smart pass,59,88,80,82
1,Huskies,Huskies_D4,Huskies_M2,1H,2300.892312,Simple pass,58,50,69,42
1,Huskies,Huskies_M2,Huskies_F3,1H,2301.739324,Simple pass,69,42,75,19
1,Opponent1,Opponent1_M1,Opponent1_M3,1H,2308.140323,Simple pass,22,63,25,70
1,Opponent1,Opponent1_M3,Opponent1_M2,1H,2309.186807,Simple pass,25,70,40,83
1,Opponent1,Opponent1_M2,Opponent1_F3,1H,2313.458965,Simple pass,40,83,76,85
1,Opponent1,Opponent1_F3,Opponent1_M3,1H,2321.862986,Simple pass,76,85,89,89
1,Huskies,Huskies_D4,Huskies_D3,1H,2373.696063,Simple pass,26,5,18,7
1,Huskies,Huskies_D3,Huskies_F2,1H,2375.289301,High pass,18,7,55,16
1,Huskies,Huskies_F2,Huskies_M1,1H,2381.21504,Simple pass,48,29,50,79
1,Opponent1,Opponent1_D3,Opponent1_F2,1H,2444.350446,Simple pass,20,71,40,7
1,Opponent1,Opponent1_F2,Opponent1_M1,1H,2457.132799,Simple pass,40,7,41,19
1,Opponent1,Opponent1_G1,Opponent1_D2,1H,2477.697656,Simple pass,13,43,42,12
1,Opponent1,Opponent1_D2,Opponent1_F1,1H,2485.539002,High pass,42,12,64,17
1,Opponent1,Opponent1_M1,Opponent1_M3,1H,2608.514427,Head pass,78,40,77,66
1,Opponent1,Opponent1_M3,Opponent1_D4,1H,2610.753257,Cross,77,66,88,45
1,Huskies,Huskies_D2,Huskies_D1,1H,2636.524196,Simple pass,31,53,28,78
1,Huskies,Huskies_D1,Huskies_D2,1H,2642.004348,Simple pass,28,78,30,50
1,Huskies,Huskies_D2,Huskies_D3,1H,2644.939386,Simple pass,30,50,40,13
1,Huskies,Huskies_D3,Huskies_D4,1H,2646.727592,Simple pass,40,13,58,4
1,Opponent1,Opponent1_M2,Opponent1_F2,1H,2652.505927,Simple pass,53,65,61,50
1,Opponent1,Opponent1_F2,Opponent1_M3,1H,2654.492203,Simple pass,61,50,70,53
1,Opponent1,Opponent1_M3,Opponent1_F2,1H,2658.929429,Simple pass,70,53,77,80
1,Huskies,Huskies_F2,Huskies_M1,1H,2694.677345,Simple pass,35,26,33,43
1,Huskies,Huskies_M1,Huskies_D1,1H,2696.280214,Simple pass,33,43,31,81
1,Huskies,Huskies_D1,Huskies_M1,1H,2702.421652,Simple pass,47,82,50,73
1,Huskies,Huskies_M1,Huskies_F2,1H,2705.450085,Simple pass,59,65,69,68
1,Huskies,Huskies_F2,Huskies_M1,1H,2706.442088,Simple pass,69,68,66,76
1,Huskies,Huskies_F3,Huskies_F1,1H,2710.221447,Simple pass,79,80,89,96
1,Huskies,Huskies_F1,Huskies_F2,1H,2712.240837,Cross,89,96,94,49
1,Opponent1,Opponent1_M3,Opponent1_D2,1H,2789.997921,Simple pass,43,62,38,30
1,Opponent1,Opponent1_D2,Opponent1_M1,1H,2792.948355,Simple pass,38,30,43,36
1,Opponent1,Opponent1_M1,Opponent1_D3,1H,2794.58112,Simple pass,43,36,41,83
1,Opponent1,Opponent1_D3,Opponent1_D3,1H,2799.115514,Simple pass,41,83,43,76
1,Opponent1,Opponent1_D3,Opponent1_D1,1H,2805.262144,High pass,43,76,89,17
1,Huskies,Huskies_F2,Huskies_D3,2H,1.615425,Simple pass,50,51,27,30
1,Huskies,Huskies_D3,Huskies_D1,2H,4.001623,High pass,27,30,41,76
1,Opponent1,Opponent1_F1,Opponent1_D1,2H,15.24109,Simple pass,89,14,89,7
1,Huskies,Huskies_D1,Huskies_G1,2H,52.268391,Simple pass,18,74,9,49
1,Huskies,Huskies_D5,Huskies_F2,2H,66.975385,Simple pass,55,94,65,90
1,Huskies,Huskies_F2,Huskies_M1,2H,68.594718,Simple pass,65,90,48,72
1,Huskies,Huskies_M1,Huskies_D1,2H,70.876394,Simple pass,48,72,34,68
1,Huskies,Huskies_D1,Huskies_D3,2H,73.753211,Simple pass,34,68,35,43
1,Huskies,Huskies_D3,Huskies_D4,2H,76.401219,Simple pass,35,43,47,3
1,Huskies,Huskies_D4,Huskies_F1,2H,80.501137,High pass,47,3,65,27
1,Huskies,Huskies_F3,Huskies_M3,2H,87.391663,Simple pass,57,22,47,27
1,Huskies,Huskies_M3,Huskies_D4,2H,88.006317,Simple pass,47,27,44,2
1,Huskies,Huskies_D4,Huskies_F3,2H,89.303862,Simple pass,44,2,50,4
1,Opponent1,Opponent1_F3,Opponent1_M2,2H,122.751734,Simple pass,77,88,74,77
1,Opponent1,Opponent1_M2,Opponent1_F2,2H,124.625131,High pass,74,77,88,61
1,Opponent1,Opponent1_D3,Opponent1_M1,2H,154.362109,Head pass,46,67,56,37
1,Opponent1,Opponent1_D1,Opponent1_D1,2H,158.834162,Simple pass,55,19,61,10
1,Huskies,Huskies_D5,Huskies_D5,2H,162.301683,Simple pass,23,84,40,100
1,Huskies,Huskies_F2,Huskies_D5,2H,177.101773,Simple pass,57,97,40,95
1,Huskies,Huskies_D5,Huskies_M1,2H,179.470501,Simple pass,40,95,37,80
1,Huskies,Huskies_M1,Huskies_D1,2H,182.303842,Simple pass,37,80,24,62
1,Huskies,Huskies_D1,Huskies_D3,2H,185.432927,Simple pass,24,62,22,24
1,Huskies,Huskies_D3,Huskies_G1,2H,187.652341,Simple pass,22,24,8,35
1,Huskies,Huskies_G1,Huskies_D3,2H,192.431224,Simple pass,8,35,30,5
1,Opponent1,Opponent1_D3,Opponent1_M2,2H,196.658049,High pass,35,91,74,93
1,Opponent1,Opponent1_M2,Opponent1_D2,2H,207.29064,Simple pass,54,80,56,37
1,Opponent1,Opponent1_D2,Opponent1_D1,2H,209.872102,Simple pass,56,37,80,9
1,Opponent1,Opponent1_D1,Opponent1_G1,2H,269.977885,Simple pass,19,9,8,41
1,Opponent1,Opponent1_G1,Opponent1_M1,2H,271.989763,Launch,8,41,38,17
1,Huskies,Huskies_D1,Huskies_D3,2H,302.835564,Simple pass,40,77,47,41
1,Huskies,Huskies_D3,Huskies_D1,2H,305.536274,Simple pass,47,41,49,68
1,Huskies,Huskies_D1,Huskies_D5,2H,308.670203,Simple pass,49,68,58,97
1,Huskies,Huskies_F1,Huskies_D5,2H,330.469631,Simple pass,98,85,93,95
1,Huskies,Huskies_D3,Huskies_F1,2H,345.134328,High pass,42,81,89,60
1,Huskies,Huskies_M1,Huskies_D4,2H,389.130656,Simple pass,67,64,45,22
1,Opponent1,Opponent1_F2,Opponent1_D1,2H,404.367526,High pass,9,8,23,5
1,Huskies,Huskies_D1,Huskies_D5,2H,429.094173,Simple pass,22,73,24,95
1,Huskies,Huskies_D5,Huskies_F2,2H,432.095011,Simple pass,24,95,28,88
1,Opponent1,Opponent1_D1,Opponent1_F2,2H,433.152098,Simple pass,65,6,71,2
1,Opponent1,Opponent1_M1,Opponent1_G1,2H,440.655901,Simple pass,48,5,24,58
1,Opponent1,Opponent1_G1,Opponent1_F3,2H,447.990079,Launch,24,58,67,91
1,Huskies,Huskies_D3,Huskies_M2,2H,452.846524,Simple pass,18,12,41,12
1,Opponent1,Opponent1_F3,Opponent1_M3,2H,454.985297,Simple pass,65,87,73,87
1,Opponent1,Opponent1_M3,Opponent1_M2,2H,456.453433,Simple pass,73,87,92,90
1,Huskies,Huskies_F3,Huskies_M3,2H,478.974084,Simple pass,8,28,26,32
1,Huskies,Huskies_M3,Huskies_M1,2H,481.97129,Simple pass,26,32,28,51
1,Huskies,Huskies_M1,Huskies_D1,2H,483.630588,Simple pass,28,51,19,67
1,Opponent1,Opponent1_F2,Opponent1_D2,2H,493.589767,Simple pass,73,9,80,7
1,Opponent1,Opponent1_D2,Opponent1_F1,2H,495.348465,High pass,80,7,84,37
1,Huskies,Huskies_F2,Huskies_F1,2H,504.403972,Smart pass,56,68,89,63
1,Huskies,Huskies_M3,Huskies_D5,2H,529.236781,Simple pass,71,78,75,93
1,Huskies,Huskies_D5,Huskies_D5,2H,529.651303,Simple pass,75,93,81,94
1,Huskies,Huskies_M1,Huskies_M2,2H,568.72827,Head pass,72,68,52,24
1,Huskies,Huskies_M2,Huskies_D4,2H,571.589185,Simple pass,52,24,43,42
1,Huskies,Huskies_D4,Huskies_M1,2H,575.16376,Simple pass,43,42,46,66
1,Huskies,Huskies_M3,Huskies_M1,2H,598.946931,Simple pass,60,18,56,14
1,Huskies,Huskies_M1,Huskies_D4,2H,600.13529,Simple pass,56,14,66,1
1,Huskies,Huskies_D4,Huskies_M3,2H,602.700935,Simple pass,66,1,52,36
1,Huskies,Huskies_M3,Huskies_F2,2H,606.442922,Simple pass,52,36,56,61
1,Huskies,Huskies_F2,Huskies_D5,2H,608.782481,Simple pass,56,61,76,93
1,Huskies,Huskies_D5,Huskies_F2,2H,611.567972,Simple pass,76,93,70,81
1,Huskies,Huskies_F2,Huskies_D4,2H,614.1992,High pass,70,81,97,17
1,Huskies,Huskies_D4,Huskies_M2,2H,618.09998,Simple pass,97,17,86,30
1,Opponent1,Opponent1_M1,Opponent1_F2,2H,646.094856,Head pass,58,65,66,71
1,Opponent1,Opponent1_M2,Opponent1_F2,2H,653.282758,Simple pass,77,84,94,84
1,Opponent1,Opponent1_F2,Opponent1_F3,2H,663.627916,Simple pass,90,85,73,88
1,Opponent1,Opponent1_F3,Opponent1_M1,2H,665.165795,Simple pass,73,88,65,74
1,Opponent1,Opponent1_M1,Opponent1_F3,2H,666.69208,Simple pass,65,74,67,92
1,Opponent1,Opponent1_F3,Opponent1_M2,2H,669.084618,Simple pass,67,92,81,80
1,Opponent1,Opponent1_M1,Opponent1_D4,2H,744.610369,High pass,61,61,92,30
1,Huskies,Huskies_F2,Huskies_D5,2H,754.959661,Simple pass,10,93,7,87
1,Huskies,Huskies_D1,Huskies_M1,2H,759.643754,Simple pass,11,65,16,71
1,Opponent1,Opponent1_M3,Opponent1_M1,2H,763.195655,Simple pass,81,29,75,35
1,Opponent1,Opponent1_M3,Opponent1_M1,2H,803.993605,Simple pass,68,75,67,93
1,Opponent1,Opponent1_M1,Opponent1_D3,2H,806.663013,Simple pass,67,93,55,81
1,Opponent1,Opponent1_D4,Opponent1_D2,2H,820.556751,Head pass,26,30,36,20
1,Huskies,Huskies_M1,Huskies_F2,2H,824.621822,Simple pass,49,87,47,79
1,Huskies,Huskies_F2,Huskies_M1,2H,837.879573,Simple pass,81,85,70,81
1,Huskies,Huskies_M1,Huskies_F2,2H,840.321763,Simple pass,70,81,74,89
1,Opponent1,Opponent1_F2,Opponent1_M1,2H,847.901958,Simple pass,17,5,24,17
1,Opponent1,Opponent1_M1,Opponent1_D2,2H,850.568294,Simple pass,24,17,19,21
1,Huskies,Huskies_M1,Huskies_D1,2H,915.375191,Simple pass,80,88,48,82
1,Huskies,Huskies_D1,Huskies_D3,2H,918.515048,Simple pass,48,82,36,35
1,Huskies,Huskies_D3,Huskies_D1,2H,922.742494,Simple pass,36,35,35,55
1,Huskies,Huskies_D1,Huskies_M1,2H,925.538962,Simple pass,35,55,55,87
1,Huskies,Huskies_M1,Huskies_M1,2H,930.993169,Simple pass,69,94,74,71
1,Opponent1,Opponent1_D2,Opponent1_F3,2H,934.164116,Simple pass,24,31,39,75
1,Huskies,Huskies_M4,Huskies_F3,2H,951.292096,Simple pass,73,5,72,12
1,Huskies,Huskies_F3,Huskies_F2,2H,953.107303,Simple pass,72,12,75,24
1,Huskies,Huskies_F2,Huskies_M3,2H,953.781885,Simple pass,75,24,62,24
1,Huskies,Huskies_M3,Huskies_F2,2H,955.217222,Simple pass,62,24,62,28
1,Huskies,Huskies_D5,Huskies_M1,2H,962.923698,Simple pass,76,89,72,71
1,Huskies,Huskies_M1,Huskies_F3,2H,967.082794,Simple pass,72,71,81,76
1,Huskies,Huskies_D5,Huskies_F1,2H,971.510516,Cross,78,94,88,55
1,Opponent1,Opponent1_M3,Opponent1_M2,2H,1010.356484,Simple pass,61,81,75,86
1,Huskies,Huskies_M3,Huskies_F2,2H,1020.36477,Simple pass,24,21,40,38
1,Huskies,Huskies_F2,Huskies_F1,2H,1021.41301,Smart pass,40,38,93,27
1,Huskies,Huskies_F1,Huskies_F3,2H,1031.261362,Simple pass,93,27,89,25
1,Huskies,Huskies_D3,Huskies_M4,2H,1037.66873,Simple pass,52,12,56,25
1,Huskies,Huskies_M4,Huskies_M3,2H,1040.818067,Simple pass,56,25,54,52
1,Huskies,Huskies_M3,Huskies_F2,2H,1042.850419,Simple pass,54,52,63,66
1,Huskies,Huskies_F2,Huskies_M1,2H,1046.449144,Simple pass,63,66,78,85
1,Huskies,Huskies_D3,Huskies_D1,2H,1055.571282,Head pass,45,43,47,69
1,Huskies,Huskies_D1,Huskies_F2,2H,1057.982562,Simple pass,47,69,51,90
1,Huskies,Huskies_F2,Huskies_D1,2H,1060.046212,Simple pass,51,90,34,69
1,Huskies,Huskies_D1,Huskies_M3,2H,1062.227838,Simple pass,34,69,44,45
1,Huskies,Huskies_M3,Huskies_M1,2H,1065.895743,Simple pass,44,45,45,77
1,Huskies,Huskies_M1,Huskies_F2,2H,1068.509604,Simple pass,45,77,56,93
1,Huskies,Huskies_F2,Huskies_M1,2H,1071.229253,Simple pass,56,93,53,84
1,Huskies,Huskies_M1,Huskies_M3,2H,1073.260675,Simple pass,53,84,42,65
1,Huskies,Huskies_M3,Huskies_D1,2H,1074.615463,Simple pass,42,65,30,62
1,Huskies,Huskies_D1,Huskies_D3,2H,1076.887466,Simple pass,30,62,28,30
1,Huskies,Huskies_D3,Huskies_M1,2H,1079.487261,Simple pass,28,30,43,43
1,Huskies,Huskies_M1,Huskies_M3,2H,1082.434383,Simple pass,43,43,38,66
1,Huskies,Huskies_M3,Huskies_D5,2H,1085.072635,Simple pass,38,66,50,94
1,Huskies,Huskies_D5,Huskies_M3,2H,1087.289312,Simple pass,50,94,50,78
1,Huskies,Huskies_M3,Huskies_M1,2H,1089.568527,Simple pass,50,78,58,67
1,Huskies,Huskies_M1,Huskies_M3,2H,1091.116871,Simple pass,58,67,45,60
1,Huskies,Huskies_M3,Huskies_D3,2H,1092.507219,Simple pass,45,60,33,24
1,Huskies,Huskies_M3,Huskies_F3,2H,1102.447769,Simple pass,58,16,76,1
1,Huskies,Huskies_D1,Huskies_D3,2H,1171.145917,Simple pass,23,24,5,9
1,Opponent1,Opponent1_M1,Opponent1_M3,2H,1176.546885,Simple pass,64,80,72,85
1,Huskies,Huskies_G1,Huskies_D5,2H,1245.571047,Hand pass,13,47,22,93
1,Huskies,Huskies_D5,Huskies_F2,2H,1251.928415,Simple pass,56,91,54,65
1,Huskies,Huskies_F2,Huskies_M3,2H,1252.958884,Simple pass,54,65,46,72
1,Huskies,Huskies_M3,Huskies_D5,2H,1254.663161,Simple pass,46,72,54,88
1,Opponent1,Opponent1_M3,Opponent1_M2,2H,1261.759886,Simple pass,47,35,47,53
1,Opponent1,Opponent1_M2,Opponent1_D3,2H,1263.766747,Simple pass,47,53,38,61
1,Opponent1,Opponent1_D3,Opponent1_M1,2H,1266.303767,Simple pass,38,61,54,27
1,Opponent1,Opponent1_D2,Opponent1_M3,2H,1310.454189,Simple pass,63,8,58,45
1,Huskies,Huskies_D5,Huskies_F2,2H,1318.89876,Head pass,11,73,16,85
1,Huskies,Huskies_M3,Huskies_M1,2H,1326.668976,Simple pass,37,56,41,68
1,Huskies,Huskies_M1,Huskies_M4,2H,1327.147553,Simple pass,41,68,55,32
1,Huskies,Huskies_M4,Huskies_F3,2H,1329.621772,Simple pass,55,32,86,24
1,Huskies,Huskies_M4,Huskies_D4,2H,1336.978528,Simple pass,80,26,81,3
1,Huskies,Huskies_D4,Huskies_M4,2H,1338.723962,Simple pass,81,3,79,25
1,Huskies,Huskies_M4,Huskies_F2,2H,1342.496119,Simple pass,79,25,77,35
1,Huskies,Huskies_F2,Huskies_M3,2H,1343.918952,Simple pass,77,35,71,47
1,Huskies,Huskies_M3,Huskies_D5,2H,1344.93907,Simple pass,71,47,85,89
1,Huskies,Huskies_M3,Huskies_D5,2H,1356.266718,Simple pass,64,62,73,93
1,Huskies,Huskies_D5,Huskies_M1,2H,1357.648369,Simple pass,73,93,71,82
1,Huskies,Huskies_M1,Huskies_M4,2H,1359.699345,Simple pass,71,82,66,51
1,Huskies,Huskies_M4,Huskies_D4,2H,1361.609558,Simple pass,66,51,74,2
1,Huskies,Huskies_D4,Huskies_F3,2H,1364.821532,Simple pass,74,2,74,28
1,Huskies,Huskies_F3,Huskies_F2,2H,1367.286777,Simple pass,74,28,80,54
1,Huskies,Huskies_D3,Huskies_M3,2H,1373.30164,Head pass,34,28,34,47
1,Huskies,Huskies_M3,Huskies_D5,2H,1377.195662,Simple pass,34,47,40,87
1,Huskies,Huskies_D5,Huskies_F2,2H,1379.858899,Simple pass,40,87,56,68
1,Opponent1,Opponent1_D3,Opponent1_F3,2H,1384.880132,Head pass,19,67,21,94
1,Opponent1,Opponent1_F3,Opponent1_D3,2H,1390.374886,Simple pass,21,94,19,81
1,Huskies,Huskies_M1,Huskies_D5,2H,1461.348584,Simple pass,90,90,87,92
1,Huskies,Huskies_M1,Huskies_D5,2H,1605.238108,Simple pass,91,89,92,95
1,Opponent1,Opponent1_F5,Opponent1_D2,2H,1621.179891,Simple pass,29,8,15,9
1,Huskies,Huskies_F1,Huskies_F2,2H,1626.708755,Simple pass,94,84,90,72
1,Huskies,Huskies_F2,Huskies_F3,2H,1628.174331,Cross,90,72,89,36
1,Opponent1,Opponent1_M3,Opponent1_F3,2H,1631.804489,Simple pass,19,57,24,70
1,Opponent1,Opponent1_D1,Opponent1_F5,2H,1646.833241,Simple pass,51,8,70,12
1,Opponent1,Opponent1_M3,Opponent1_M1,2H,1666.580187,Head pass,71,56,65,46
1,Huskies,Huskies_M4,Huskies_M1,2H,1672.840747,Simple pass,25,46,42,59
1,Huskies,Huskies_M1,Huskies_F1,2H,1675.06092,Simple pass,42,59,76,85
1,Huskies,Huskies_F2,Huskies_M4,2H,1688.245981,Simple pass,75,55,70,44
1,Huskies,Huskies_M4,Huskies_M3,2H,1689.809021,Simple pass,70,44,57,48
1,Huskies,Huskies_D3,Huskies_D4,2H,1693.546302,Simple pass,54,39,60,2
1,Opponent1,Opponent1_M2,Opponent1_D4,2H,1701.413948,Simple pass,12,70,21,55
1,Opponent1,Opponent1_D4,Opponent1_D1,2H,1705.07884,Simple pass,21,55,32,11
1,Opponent1,Opponent1_D1,Opponent1_F5,2H,1710.235266,Simple pass,63,8,85,16
1,Opponent1,Opponent1_F5,Opponent1_M3,2H,1713.769076,Simple pass,85,16,81,41
1,Huskies,Huskies_F2,Huskies_M1,2H,1734.206188,Cross,97,78,81,65
1,Opponent1,Opponent1_D3,Opponent1_G1,2H,1740.294651,Simple pass,9,65,12,71
1,Opponent1,Opponent1_G1,Opponent1_D3,2H,1743.636046,Hand pass,12,71,37,72
1,Opponent1,Opponent1_D3,Opponent1_M3,2H,1749.216461,Simple pass,37,72,43,50
1,Opponent1,Opponent1_M3,Opponent1_F5,2H,1752.089132,Simple pass,43,50,70,31
1,Opponent1,Opponent1_F5,Opponent1_M3,2H,1757.845487,Simple pass,70,31,68,17
1,Opponent1,Opponent1_M3,Opponent1_F4,2H,1759.868828,High pass,68,17,88,59
1,Huskies,Huskies_D1,Huskies_D5,2H,1808.533596,Simple pass,27,48,39,89
1,Huskies,Huskies_D5,Huskies_D1,2H,1809.876091,Simple pass,39,89,25,67
1,Opponent1,Opponent1_M2,Opponent1_M3,2H,1906.809485,Head pass,67,65,63,74
1,Opponent1,Opponent1_M1,Opponent1_D2,2H,1924.300068,Simple pass,70,87,69,95
1,Opponent1,Opponent1_D2,Opponent1_M1,2H,1926.115473,Simple pass,69,95,68,77
1,Huskies,Huskies_M4,Huskies_F2,2H,1935.372806,Head pass,26,48,34,57
1,Opponent1,Opponent1_D1,Opponent1_G1,2H,1939.918471,Simple pass,61,52,20,73
1,Opponent1,Opponent1_G1,Opponent1_D3,2H,1941.74158,Simple pass,20,73,35,77
1,Opponent1,Opponent1_D3,Opponent1_D4,2H,1946.517076,Simple pass,35,77,38,29
1,Opponent1,Opponent1_D4,Opponent1_M1,2H,1951.031806,Simple pass,38,29,47,64
1,Opponent1,Opponent1_M1,Opponent1_D3,2H,1953.630255,Simple pass,47,64,58,83
1,Opponent1,Opponent1_D3,Opponent1_F4,2H,1958.776591,High pass,58,83,89,30
1,Opponent1,Opponent1_F4,Opponent1_M3,2H,2009.140908,Head pass,75,93,74,84
1,Opponent1,Opponent1_M1,Opponent1_F5,2H,2014.378497,Simple pass,64,80,73,67
1,Opponent1,Opponent1_M3,Opponent1_M2,2H,2019.294202,Simple pass,74,64,82,76
1,Opponent1,Opponent1_M2,Opponent1_F5,2H,2022.829485,Cross,83,74,89,37
1,Opponent1,Opponent1_F5,Opponent1_M3,2H,2025.652997,Simple pass,89,40,86,39
1,Opponent1,Opponent1_M1,Opponent1_F5,2H,2028.613623,High pass,74,32,90,52
1,Huskies,Huskies_F1,Huskies_M5,2H,2069.322348,Head pass,75,13,90,20
1,Huskies,Huskies_M5,Huskies_M4,2H,2107.081579,Simple pass,89,12,73,10
1,Huskies,Huskies_M1,Huskies_D4,2H,2115.609607,Simple pass,47,22,42,43
1,Huskies,Huskies_D4,Huskies_F2,2H,2117.801423,Simple pass,42,43,35,30
1,Opponent1,Opponent1_G1,Opponent1_D4,2H,2132.119925,Hand pass,14,36,18,26
1,Opponent1,Opponent1_D4,Opponent1_G1,2H,2134.977775,Simple pass,18,26,18,66
1,Opponent1,Opponent1_G1,Opponent1_F4,2H,2141.280256,Launch,18,66,70,82
1,Opponent1,Opponent1_D2,Opponent1_M1,2H,2146.055651,Simple pass,53,85,64,71
1,Opponent1,Opponent1_M1,Opponent1_D1,2H,2148.420067,Simple pass,65,70,72,7
1,Opponent1,Opponent1_D1,Opponent1_F4,2H,2151.271824,Cross,72,7,88,66
1,Opponent1,Opponent1_D2,Opponent1_D3,2H,2176.666512,Head pass,72,92,56,83
1,Opponent1,Opponent1_D3,Opponent1_D4,2H,2178.788128,Simple pass,56,83,55,48
1,Opponent1,Opponent1_D4,Opponent1_F5,2H,2181.954054,Simple pass,55,48,66,59
1,Opponent1,Opponent1_F5,Opponent1_M1,2H,2185.344996,Simple pass,66,59,57,69
1,Opponent1,Opponent1_D2,Opponent1_D1,2H,2233.278526,Simple pass,30,78,27,55
1,Opponent1,Opponent1_D1,Opponent1_G1,2H,2235.214672,Simple pass,27,55,8,55
1,Opponent1,Opponent1_G1,Opponent1_F5,2H,2237.802599,Simple pass,8,55,56,46
1,Opponent1,Opponent1_D4,Opponent1_M1,2H,2247.778172,Head pass,29,42,45,45
1,Opponent1,Opponent1_M1,Opponent1_D3,2H,2249.209318,Simple pass,45,45,31,71
1,Opponent1,Opponent1_D3,Opponent1_G1,2H,2253.440379,Simple pass,31,71,14,45
1,Opponent1,Opponent1_G1,Opponent1_F4,2H,2256.752315,High pass,14,45,66,69
1,Opponent1,Opponent1_M3,Opponent1_D3,2H,2315.159178,Simple pass,23,19,27,60
1,Opponent1,Opponent1_D3,Opponent1_D2,2H,2317.525278,Simple pass,27,60,42,86
1,Huskies,Huskies_D1,Huskies_M4,2H,2328.012463,Head pass,9,47,25,26
1,Opponent1,Opponent1_M1,Opponent1_D3,2H,2332.05328,Cross,79,84,25,66
1,Huskies,Huskies_F2,Huskies_D5,2H,2358.690794,Simple pass,62,57,76,92
1,Huskies,Huskies_D5,Huskies_F2,2H,2363.090611,Simple pass,76,92,97,84
1,Opponent1,Opponent1_M3,Opponent1_M1,2H,2399.250431,Simple pass,64,69,60,57
1,Opponent1,Opponent1_M1,Opponent1_F3,2H,2400.15592,Simple pass,60,57,82,60
1,Opponent1,Opponent1_F3,Opponent1_F4,2H,2402.328456,Simple pass,82,60,87,61
1,Opponent1,Opponent1_M1,Opponent1_D1,2H,2435.886787,Simple pass,77,63,60,49
1,Huskies,Huskies_M1,Huskies_G1,2H,2447.345218,Launch,13,47,0,0
1,Huskies,Huskies_G1,Huskies_D5,2H,2469.32509,High pass,11,31,60,86
1,Huskies,Huskies_D5,Huskies_M1,2H,2476.280656,Simple pass,60,86,46,77
1,Huskies,Huskies_M1,Huskies_M3,2H,2477.899924,Simple pass,46,77,40,66
1,Huskies,Huskies_M3,Huskies_F2,2H,2479.525137,Simple pass,40,66,50,65
1,Huskies,Huskies_F2,Huskies_M1,2H,2480.267144,Simple pass,50,65,40,78
1,Huskies,Huskies_M1,Huskies_M3,2H,2481.651804,Simple pass,40,78,43,61
1,Huskies,Huskies_M3,Huskies_D3,2H,2483.583914,Simple pass,43,61,32,34
1,Opponent1,Opponent1_F4,Opponent1_D3,2H,2516.721312,Head pass,60,75,45,67
1,Huskies,Huskies_F2,Huskies_M4,2H,2520.441817,Simple pass,45,39,47,32
1,Huskies,Huskies_D5,Huskies_F2,2H,2568.518518,Simple pass,81,91,71,87
1,Huskies,Huskies_F2,Huskies_M1,2H,2569.398667,Simple pass,71,87,74,73
1,Opponent1,Opponent1_D3,Opponent1_F3,2H,2677.025196,Head pass,34,83,56,85
1,Opponent1,Opponent1_F4,Opponent1_F5,2H,2764.056502,Head pass,83,11,92,11
1,Opponent1,Opponent1_D1,Opponent1_F4,2H,2770.159385,Cross,84,6,87,41
1,Opponent1,Opponent1_M3,Opponent1_M1,2H,2774.864546,Simple pass,86,30,79,34
1,Huskies,Huskies_D3,Huskies_M5,2H,2779.151338,Simple pass,30,47,38,34
1,Huskies,Huskies_M5,Huskies_F2,2H,2782.117478,Simple pass,38,34,47,86
1,Opponent1,Opponent1_M3,Opponent1_F4,2H,2798.008146,High pass,15,29,52,40
1,Huskies,Huskies_F2,Huskies_M5,2H,2825.780227,High pass,74,61,98,72
1,Huskies,Huskies_M5,Huskies_F2,2H,2836.145109,Simple pass,88,93,79,91
1,Huskies,Huskies_F2,Huskies_M1,2H,2841.121956,Simple pass,79,91,84,86
1,Huskies,Huskies_M1,Huskies_M5,2H,2842.836213,Simple pass,84,86,85,95
1,Opponent1,Opponent1_F5,Opponent1_M2,2H,2853.861735,Simple pass,62,57,62,57
2,Opponent2,Opponent2_F1,Opponent2_M1,1H,1.695556,Simple pass,49,48,43,51
2,Opponent2,Opponent2_M1,Opponent2_D1,1H,4.861993,High pass,43,51,78,80
2,Opponent2,Opponent2_D1,Opponent2_F2,1H,7.12717,Simple pass,78,80,83,77
2,Opponent2,Opponent2_D2,Opponent2_F1,1H,37.255054,Head pass,33,48,61,60
2,Huskies,Huskies_F2,Huskies_D4,1H,43.463685,Simple pass,43,26,41,8
2,Opponent2,Opponent2_F1,Opponent2_F2,1H,68.094679,Simple pass,67,93,9,10
2,Opponent2,Opponent2_F1,Opponent2_M2,1H,76.259135,Simple pass,91,79,88,71
2,Opponent2,Opponent2_M2,Opponent2_D1,1H,77.117155,Simple pass,88,71,88,84
2,Opponent2,Opponent2_D1,Opponent2_M2,1H,78.296032,Simple pass,88,84,73,79
2,Opponent2,Opponent2_M2,Opponent2_D2,1H,81.261926,Simple pass,73,79,75,30
2,Huskies,Huskies_G1,Huskies_D1,1H,96.644054,Hand pass,12,53,28,99
2,Opponent2,Opponent2_D2,Opponent2_G1,1H,141.13452,Simple pass,6,8,10,51
2,Opponent2,Opponent2_G1,Opponent2_D3,1H,145.446691,Simple pass,10,51,26,64
2,Opponent2,Opponent2_D3,Opponent2_D2,1H,150.321506,Simple pass,26,64,39,28
2,Opponent2,Opponent2_D2,Opponent2_D3,1H,160.530699,Simple pass,39,28,31,48
2,Opponent2,Opponent2_D3,Opponent2_D2,1H,162.63175,Simple pass,31,48,44,26
2,Opponent2,Opponent2_D2,Opponent2_M4,1H,165.754164,Simple pass,44,26,55,2
2,Huskies,Huskies_M1,Huskies_D6,1H,173.929738,Simple pass,38,87,27,93
2,Huskies,Huskies_D6,Huskies_F1,1H,176.436821,High pass,27,93,83,79
2,Opponent2,Opponent2_D2,Opponent2_F1,1H,208.430173,Simple pass,27,18,45,25
2,Opponent2,Opponent2_F1,Opponent2_D2,1H,208.817667,Simple pass,45,25,35,18
2,Opponent2,Opponent2_D2,Opponent2_M1,1H,211.483873,Simple pass,35,18,32,27
2,Opponent2,Opponent2_M1,Opponent2_D2,1H,212.771903,Simple pass,32,27,60,19
2,Opponent2,Opponent2_M3,Opponent2_D2,1H,221.338154,Simple pass,58,7,38,22
2,Opponent2,Opponent2_D2,Opponent2_D3,1H,224.717935,Simple pass,38,22,34,35
2,Opponent2,Opponent2_D3,Opponent2_D2,1H,226.442154,Simple pass,34,35,40,19
2,Opponent2,Opponent2_D2,Opponent2_F1,1H,227.699963,Simple pass,40,19,59,35
2,Opponent2,Opponent2_F1,Opponent2_D2,1H,229.445266,Simple pass,59,35,50,21
2,Opponent2,Opponent2_D2,Opponent2_M4,1H,230.493411,Simple pass,50,21,64,19
2,Huskies,Huskies_F2,Huskies_D4,1H,249.373849,Simple pass,41,11,36,5
2,Opponent2,Opponent2_M2,Opponent2_F1,1H,253.814696,Simple pass,63,94,61,81
2,Opponent2,Opponent2_F1,Opponent2_D1,1H,254.721827,Simple pass,61,81,58,83
2,Opponent2,Opponent2_D1,Opponent2_D4,1H,256.440901,Simple pass,58,83,32,76
2,Opponent2,Opponent2_D4,Opponent2_D2,1H,258.063485,Simple pass,32,76,39,26
2,Opponent2,Opponent2_D2,Opponent2_F2,1H,264.847271,Simple pass,62,18,73,25
2,Opponent2,Opponent2_F2,Opponent2_M3,1H,270.547544,Simple pass,86,16,86,26
2,Opponent2,Opponent2_M4,Opponent2_M1,1H,376.110583,Simple pass,15,5,18,23
2,Opponent2,Opponent2_M1,Opponent2_F2,1H,379.868556,Simple pass,18,23,52,45
2,Opponent2,Opponent2_F1,Opponent2_M4,1H,461.002644,Simple pass,38,15,36,20
2,Opponent2,Opponent2_M4,Opponent2_D3,1H,463.067929,Simple pass,36,20,25,47
2,Opponent2,Opponent2_D3,Opponent2_D4,1H,465.724528,Simple pass,25,47,31,60
2,Opponent2,Opponent2_D4,Opponent2_D2,1H,470.017759,Simple pass,31,60,42,20
2,Opponent2,Opponent2_D2,Opponent2_M3,1H,474.796274,Simple pass,62,19,75,4
2,Opponent2,Opponent2_M3,Opponent2_M4,1H,476.787422,Simple pass,75,4,77,13
2,Huskies,Huskies_D1,Huskies_G1,1H,532.329688,Simple pass,17,86,9,49
2,Opponent2,Opponent2_D1,Opponent2_F2,1H,538.88638,Head pass,40,75,65,64
2,Huskies,Huskies_M1,Huskies_D6,1H,544.179035,Simple pass,39,66,46,93
2,Huskies,Huskies_D6,Huskies_F1,1H,545.570114,Simple pass,46,93,70,95
2,Huskies,Huskies_M4,Huskies_D6,1H,565.095671,Simple pass,72,96,71,97
2,Huskies,Huskies_D6,Huskies_F1,1H,566.409836,Simple pass,71,97,83,91
2,Opponent2,Opponent2_D3,Opponent2_D4,1H,583.038508,Simple pass,24,57,26,81
2,Opponent2,Opponent2_D4,Opponent2_D3,1H,586.183471,Simple pass,26,81,25,62
2,Opponent2,Opponent2_D3,Opponent2_D2,1H,589.068375,Simple pass,25,62,36,23
2,Opponent2,Opponent2_D2,Opponent2_F1,1H,592.748717,Simple pass,36,23,61,24
2,Huskies,Huskies_D3,Huskies_M1,1H,598.635739,Simple pass,17,43,16,80
2,Huskies,Huskies_M1,Huskies_D1,1H,602.344822,Simple pass,16,80,18,69
2,Opponent2,Opponent2_M4,Opponent2_M3,1H,620.607021,Simple pass,54,16,41,7
2,Opponent2,Opponent2_M3,Opponent2_D2,1H,623.180096,Simple pass,41,7,29,20
2,Opponent2,Opponent2_D2,Opponent2_F1,1H,628.341401,Simple pass,29,20,60,21
2,Opponent2,Opponent2_F1,Opponent2_M4,1H,632.839931,Simple pass,60,21,74,7
2,Opponent2,Opponent2_M4,Opponent2_F1,1H,635.510446,Simple pass,74,7,81,7
2,Huskies,Huskies_M1,Huskies_M3,1H,755.451091,Simple pass,28,68,29,50
2,Huskies,Huskies_M3,Huskies_D4,1H,758.410154,Simple pass,29,50,25,32
2,Huskies,Huskies_D4,Huskies_G1,1H,760.148237,Simple pass,25,32,11,35
2,Huskies,Huskies_D4,Huskies_M3,1H,773.177129,Head pass,35,15,46,29
2,Huskies,Huskies_M3,Huskies_D4,1H,774.362212,Head pass,46,29,39,9
2,Huskies,Huskies_D4,Huskies_D3,1H,776.652316,Simple pass,39,9,27,7
2,Huskies,Huskies_D3,Huskies_G1,1H,781.62042,Simple pass,27,7,11,19
2,Huskies,Huskies_D3,Huskies_F2,1H,789.801191,Launch,33,8,67,7
2,Huskies,Huskies_D2,Huskies_M1,1H,798.499849,Head pass,32,37,43,33
2,Huskies,Huskies_M1,Huskies_M4,1H,833.096195,Simple pass,62,41,68,54
2,Huskies,Huskies_M4,Huskies_D6,1H,834.005299,Simple pass,68,54,70,83
2,Huskies,Huskies_D1,Huskies_D3,1H,857.694934,Simple pass,38,83,37,36
2,Huskies,Huskies_D3,Huskies_D2,1H,861.614038,Simple pass,37,36,39,61
2,Huskies,Huskies_D2,Huskies_D1,1H,863.490142,Simple pass,39,61,38,85
2,Opponent2,Opponent2_M3,Opponent2_M2,1H,868.694936,Simple pass,38,22,64,53
2,Opponent2,Opponent2_M1,Opponent2_M3,1H,889.02363,Simple pass,67,19,72,12
2,Opponent2,Opponent2_M3,Opponent2_M4,1H,893.136438,Simple pass,72,12,70,4
2,Opponent2,Opponent2_M4,Opponent2_D2,1H,894.295435,Simple pass,70,4,63,20
2,Opponent2,Opponent2_D2,Opponent2_D3,1H,899.504669,Simple pass,63,20,31,32
2,Opponent2,Opponent2_D3,Opponent2_D2,1H,902.697657,Simple pass,31,32,43,22
2,Opponent2,Opponent2_D2,Opponent2_F1,1H,904.609876,Simple pass,43,22,64,24
2,Opponent2,Opponent2_F1,Opponent2_D2,1H,905.271148,Simple pass,64,24,57,8
2,Opponent2,Opponent2_D2,Opponent2_M3,1H,909.076458,Simple pass,57,8,70,4
2,Opponent2,Opponent2_M3,Opponent2_M1,1H,910.997372,Simple pass,70,4,65,20
2,Opponent2,Opponent2_M1,Opponent2_M4,1H,914.594821,Simple pass,65,20,76,56
2,Huskies,Huskies_G1,Huskies_F1,1H,920.060903,High pass,13,49,65,32
2,Huskies,Huskies_F1,Huskies_M4,1H,928.457219,Simple pass,82,33,77,50
2,Opponent2,Opponent2_D2,Opponent2_F2,1H,955.096864,Simple pass,34,21,58,28
2,Huskies,Huskies_D3,Huskies_D1,1H,958.076093,Simple pass,37,51,32,70
2,Huskies,Huskies_D1,Huskies_G1,1H,959.746197,Simple pass,32,70,6,55
2,Huskies,Huskies_G1,Huskies_D6,1H,964.689415,High pass,6,55,48,96
2,Opponent2,Opponent2_M2,Opponent2_F1,1H,1048.116423,Head pass,36,23,61,14
2,Opponent2,Opponent2_M2,Opponent2_M4,1H,1052.558637,Simple pass,59,20,67,19
2,Huskies,Huskies_M3,Huskies_F2,1H,1056.157873,Simple pass,32,65,39,68
2,Huskies,Huskies_F2,Huskies_F1,1H,1059.010956,High pass,39,68,95,93
2,Huskies,Huskies_F1,Huskies_M1,1H,1065.426244,Simple pass,95,93,75,76
2,Huskies,Huskies_F2,Huskies_D6,1H,1071.094493,Simple pass,71,80,79,98
2,Opponent2,Opponent2_G1,Opponent2_M3,1H,1117.572473,Hand pass,8,70,39,72
2,Huskies,Huskies_D3,Huskies_G1,1H,1123.52765,Simple pass,41,56,16,55
2,Opponent2,Opponent2_M1,Opponent2_M4,1H,1131.077926,Head pass,32,25,33,8
2,Opponent2,Opponent2_M4,Opponent2_D2,1H,1133.440017,Simple pass,33,8,26,11
2,Opponent2,Opponent2_D2,Opponent2_M1,1H,1136.704235,Simple pass,26,11,28,24
2,Opponent2,Opponent2_M1,Opponent2_D4,1H,1138.681709,Simple pass,28,24,39,76
2,Opponent2,Opponent2_D4,Opponent2_F2,1H,1147.088599,Simple pass,72,68,70,57
2,Opponent2,Opponent2_F2,Opponent2_D4,1H,1149.03353,Simple pass,70,57,63,64
2,Opponent2,Opponent2_D4,Opponent2_D2,1H,1153.77022,Simple pass,63,64,61,24
2,Opponent2,Opponent2_D2,Opponent2_M1,1H,1158.213341,Simple pass,61,24,64,53
2,Opponent2,Opponent2_M1,Opponent2_F2,1H,1160.109718,Simple pass,64,53,73,73
2,Opponent2,Opponent2_F2,Opponent2_D1,1H,1164.401164,Simple pass,73,73,69,76
2,Opponent2,Opponent2_D1,Opponent2_M4,1H,1165.764676,Simple pass,69,76,79,76
2,Opponent2,Opponent2_D2,Opponent2_D4,1H,1195.893298,Simple pass,52,36,34,55
2,Opponent2,Opponent2_D4,Opponent2_M1,1H,1198.353817,Simple pass,34,55,58,20
2,Opponent2,Opponent2_M1,Opponent2_M3,1H,1203.230117,Smart pass,58,20,86,25
2,Huskies,Huskies_D6,Huskies_F1,1H,1207.698481,High pass,15,95,61,75
2,Opponent2,Opponent2_D2,Opponent2_D3,1H,1212.767107,Head pass,33,24,20,35
2,Opponent2,Opponent2_D3,Opponent2_D2,1H,1217.364734,Simple pass,20,35,34,26
2,Opponent2,Opponent2_D2,Opponent2_F1,1H,1224.47084,Simple pass,34,26,59,23
2,Opponent2,Opponent2_F1,Opponent2_M1,1H,1228.392086,Simple pass,59,23,55,49
2,Opponent2,Opponent2_M1,Opponent2_F2,1H,1231.222238,Simple pass,55,49,71,54
2,Opponent2,Opponent2_F2,Opponent2_F1,1H,1233.007013,Simple pass,71,54,66,25
2,Opponent2,Opponent2_M2,Opponent2_D2,1H,1235.64991,Simple pass,66,16,57,23
2,Opponent2,Opponent2_D2,Opponent2_F1,1H,1238.808293,Simple pass,57,23,67,24
2,Opponent2,Opponent2_F1,Opponent2_D2,1H,1239.257682,Simple pass,67,24,60,23
2,Opponent2,Opponent2_D2,Opponent2_M2,1H,1241.462793,Simple pass,60,23,62,25
2,Opponent2,Opponent2_M2,Opponent2_D2,1H,1246.218486,Simple pass,62,25,63,10
2,Huskies,Huskies_D1,Huskies_G1,1H,1250.569366,Simple pass,26,82,9,50
2,Huskies,Huskies_F2,Huskies_D6,1H,1264.090335,Simple pass,67,71,63,93
2,Huskies,Huskies_D6,Huskies_F2,1H,1267.150439,Simple pass,63,93,65,87
2,Huskies,Huskies_F2,Huskies_M1,1H,1269.435543,Simple pass,65,87,61,87
2,Huskies,Huskies_M1,Huskies_D6,1H,1270.727647,Simple pass,61,87,67,96
2,Huskies,Huskies_D6,Huskies_M4,1H,1273.855121,Simple pass,67,96,69,77
2,Huskies,Huskies_M4,Huskies_M1,1H,1274.764225,Simple pass,69,77,68,68
2,Huskies,Huskies_M1,Huskies_M3,1H,1279.653475,Simple pass,69,66,59,62
2,Huskies,Huskies_M3,Huskies_D1,1H,1281.712621,Simple pass,59,62,43,72
2,Huskies,Huskies_D1,Huskies_D3,1H,1283.079767,Simple pass,43,72,38,27
2,Huskies,Huskies_D3,Huskies_D2,1H,1286.329871,Simple pass,38,27,35,54
2,Huskies,Huskies_D2,Huskies_D1,1H,1290.484975,Simple pass,35,54,37,81
2,Huskies,Huskies_D1,Huskies_D2,1H,1292.160142,Simple pass,37,81,35,48
2,Huskies,Huskies_D2,Huskies_D3,1H,1293.713246,Simple pass,35,48,37,11
2,Opponent2,Opponent2_D4,Opponent2_D1,1H,1299.412416,Head pass,23,81,31,80
2,Opponent2,Opponent2_D1,Opponent2_F1,1H,1302.828798,Simple pass,31,80,57,70
2,Opponent2,Opponent2_F1,Opponent2_M4,1H,1305.943786,Simple pass,62,75,67,91
2,Opponent2,Opponent2_M4,Opponent2_M2,1H,1307.69558,Simple pass,67,91,9,5
2,Opponent2,Opponent2_M2,Opponent2_F2,1H,1382.722814,Simple pass,41,23,64,23
2,Huskies,Huskies_M4,Huskies_D3,1H,1391.086975,Simple pass,26,69,21,50
2,Huskies,Huskies_D3,Huskies_F1,1H,1392.467223,High pass,21,50,42,75
2,Huskies,Huskies_M1,Huskies_F1,1H,1397.616534,High pass,34,83,79,88
2,Opponent2,Opponent2_D2,Opponent2_G1,1H,1453.412931,Simple pass,23,15,12,50
2,Opponent2,Opponent2_G1,Opponent2_D4,1H,1457.20683,Simple pass,12,50,26,85
2,Opponent2,Opponent2_D4,Opponent2_M4,1H,1460.316739,High pass,26,85,73,91
2,Huskies,Huskies_M3,Huskies_G1,1H,1466.57508,Simple pass,11,12,6,31
2,Huskies,Huskies_D3,Huskies_F1,1H,1472.150902,Launch,27,20,62,26
2,Opponent2,Opponent2_D2,Opponent2_M1,1H,1490.527668,Simple pass,42,39,56,46
2,Opponent2,Opponent2_M1,Opponent2_F2,1H,1495.911962,Simple pass,56,46,72,23
2,Opponent2,Opponent2_F2,Opponent2_M2,1H,1500.874704,Simple pass,72,23,67,15
2,Opponent2,Opponent2_M2,Opponent2_M3,1H,1502.461678,Simple pass,67,15,76,9
2,Opponent2,Opponent2_M3,Opponent2_M2,1H,1504.290477,Simple pass,76,9,71,7
2,Opponent2,Opponent2_M2,Opponent2_D2,1H,1505.738715,Simple pass,71,7,61,10
2,Opponent2,Opponent2_D2,Opponent2_M1,1H,1507.179844,Simple pass,61,10,56,23
2,Opponent2,Opponent2_M1,Opponent2_D2,1H,1509.190341,Simple pass,56,23,59,16
2,Opponent2,Opponent2_D2,Opponent2_D4,1H,1515.071448,Simple pass,59,16,71,70
2,Opponent2,Opponent2_D4,Opponent2_F1,1H,1519.308095,Simple pass,71,70,70,48
2,Opponent2,Opponent2_F1,Opponent2_D4,1H,1521.169726,Simple pass,70,48,61,66
2,Opponent2,Opponent2_D4,Opponent2_M4,1H,1524.735195,Simple pass,61,66,71,47
2,Opponent2,Opponent2_M4,Opponent2_D2,1H,1526.382731,Simple pass,71,47,67,26
2,Opponent2,Opponent2_D4,Opponent2_M1,1H,1607.181079,Simple pass,20,21,30,20
2,Opponent2,Opponent2_M1,Opponent2_F1,1H,1609.250638,Simple pass,30,20,40,25
2,Huskies,Huskies_D3,Huskies_M3,1H,1614.412937,Simple pass,47,53,52,40
2,Huskies,Huskies_M3,Huskies_D4,1H,1616.085083,Simple pass,52,40,40,13
2,Huskies,Huskies_D4,Huskies_D3,1H,1620.454187,Simple pass,40,13,28,36
2,Huskies,Huskies_D3,Huskies_G1,1H,1622.984291,Simple pass,28,36,16,59
2,Huskies,Huskies_M1,Huskies_F2,1H,1636.690116,Simple pass,50,94,62,94
2,Huskies,Huskies_F2,Huskies_M4,1H,1641.32222,Simple pass,62,94,67,99
2,Huskies,Huskies_M4,Huskies_F2,1H,1642.912324,Simple pass,67,99,65,91
2,Huskies,Huskies_F2,Huskies_M1,1H,1645.255428,Simple pass,65,91,56,85
2,Huskies,Huskies_M1,Huskies_D1,1H,1647.462532,Simple pass,56,85,36,80
2,Huskies,Huskies_D1,Huskies_M3,1H,1651.034678,Simple pass,36,80,42,73
2,Huskies,Huskies_M1,Huskies_D6,1H,1654.169988,Head pass,49,91,67,98
2,Huskies,Huskies_F2,Huskies_M3,1H,1669.970064,Simple pass,70,74,63,80
2,Huskies,Huskies_M3,Huskies_D1,1H,1672.311147,Simple pass,63,80,60,86
2,Huskies,Huskies_D1,Huskies_D6,1H,1674.87223,Simple pass,60,86,72,98
2,Huskies,Huskies_D6,Huskies_D6,1H,1677.524334,Simple pass,72,98,75,98
2,Huskies,Huskies_M1,Huskies_D6,1H,1692.286598,Simple pass,77,95,91,94
2,Huskies,Huskies_D6,Huskies_M4,1H,1692.999723,Simple pass,91,94,91,85
2,Opponent2,Opponent2_M2,Opponent2_M4,1H,1697.811438,Simple pass,18,17,24,14
2,Opponent2,Opponent2_M4,Opponent2_M2,1H,1700.775033,Simple pass,24,14,34,35
2,Opponent2,Opponent2_M2,Opponent2_F2,1H,1706.903609,Simple pass,61,36,89,69
2,Opponent2,Opponent2_F2,Opponent2_D1,1H,1711.926016,Simple pass,94,72,76,86
2,Opponent2,Opponent2_D1,Opponent2_M4,1H,1714.136621,Simple pass,76,86,73,55
2,Huskies,Huskies_M4,Huskies_M1,1H,1718.972965,Simple pass,33,55,32,39
2,Huskies,Huskies_M1,Huskies_F1,1H,1721.93409,Simple pass,32,39,92,88
2,Huskies,Huskies_M1,Huskies_M3,1H,1738.720609,Simple pass,43,32,39,31
2,Huskies,Huskies_M3,Huskies_F2,1H,1744.036713,Simple pass,39,31,39,23
2,Huskies,Huskies_F2,Huskies_D2,1H,1746.915127,Simple pass,39,23,34,62
2,Huskies,Huskies_D2,Huskies_D1,1H,1749.374273,Simple pass,34,62,32,86
2,Huskies,Huskies_D1,Huskies_D6,1H,1752.741377,High pass,32,86,74,94
2,Huskies,Huskies_M1,Huskies_F2,1H,1827.447371,Simple pass,39,72,45,54
2,Huskies,Huskies_F2,Huskies_F1,1H,1832.435537,High pass,45,54,84,10
2,Opponent2,Opponent2_D3,Opponent2_D4,1H,1844.935508,Simple pass,11,52,27,18
2,Opponent2,Opponent2_D4,Opponent2_F1,1H,1852.227535,Simple pass,27,18,38,24
2,Opponent2,Opponent2_F1,Opponent2_D4,1H,1854.722478,Simple pass,38,24,54,17
2,Opponent2,Opponent2_D4,Opponent2_M1,1H,1862.29894,Simple pass,54,17,42,35
2,Opponent2,Opponent2_M1,Opponent2_M2,1H,1864.80396,Simple pass,42,35,55,44
2,Opponent2,Opponent2_M2,Opponent2_D4,1H,1865.787946,Simple pass,55,44,60,16
2,Opponent2,Opponent2_D4,Opponent2_M1,1H,1871.929694,Simple pass,68,16,59,30
2,Opponent2,Opponent2_M1,Opponent2_F2,1H,1875.324436,Simple pass,59,30,69,17
2,Opponent2,Opponent2_F2,Opponent2_M2,1H,1878.430344,Simple pass,69,17,73,24
2,Opponent2,Opponent2_M4,Opponent2_M1,1H,1926.32665,Simple pass,34,25,30,21
2,Opponent2,Opponent2_F1,Opponent2_M4,1H,1929.772613,Simple pass,42,29,59,31
2,Opponent2,Opponent2_M4,Opponent2_F2,1H,1934.858595,Simple pass,78,33,90,58
2,Opponent2,Opponent2_D2,Opponent2_M1,1H,1948.913038,Simple pass,67,77,65,60
2,Opponent2,Opponent2_M1,Opponent2_M2,1H,1950.900178,Simple pass,65,60,65,28
2,Opponent2,Opponent2_M2,Opponent2_D4,1H,1952.26667,Simple pass,65,28,60,17
2,Opponent2,Opponent2_D4,Opponent2_D2,1H,1957.606288,Simple pass,60,17,63,74
2,Opponent2,Opponent2_D2,Opponent2_D3,1H,1959.624452,Simple pass,63,74,47,49
2,Opponent2,Opponent2_D3,Opponent2_M1,1H,1961.887769,Simple pass,47,49,54,45
2,Opponent2,Opponent2_M1,Opponent2_D1,1H,1963.341983,Simple pass,54,45,60,89
2,Opponent2,Opponent2_D1,Opponent2_D3,1H,1966.038185,Head pass,60,89,38,76
2,Opponent2,Opponent2_D3,Opponent2_D1,1H,1968.674039,Simple pass,38,76,36,88
2,Opponent2,Opponent2_D1,Opponent2_D3,1H,1971.262532,Simple pass,36,88,18,85
2,Opponent2,Opponent2_D3,Opponent2_G1,1H,1973.486415,Simple pass,18,85,12,31
2,Opponent2,Opponent2_G1,Opponent2_D4,1H,1977.988928,Simple pass,12,31,34,17
2,Opponent2,Opponent2_D4,Opponent2_F1,1H,1982.625604,Simple pass,34,17,66,18
2,Opponent2,Opponent2_F1,Opponent2_M2,1H,1985.681791,Simple pass,66,18,87,25
2,Opponent2,Opponent2_D4,Opponent2_D3,1H,1996.636899,Simple pass,54,17,41,42
2,Opponent2,Opponent2_D3,Opponent2_D2,1H,1998.222888,Simple pass,41,42,47,76
2,Opponent2,Opponent2_D1,Opponent2_M1,1H,2006.657058,Simple pass,68,81,61,66
2,Opponent2,Opponent2_M1,Opponent2_D2,1H,2010.037999,Simple pass,61,66,64,78
2,Opponent2,Opponent2_D2,Opponent2_F2,1H,2016.727013,Simple pass,64,78,72,58
2,Opponent2,Opponent2_F2,Opponent2_M2,1H,2022.251654,Smart pass,72,58,91,38
2,Opponent2,Opponent2_F1,Opponent2_M1,1H,2029.980858,Simple pass,74,22,70,31
2,Opponent2,Opponent2_M1,Opponent2_M4,1H,2031.422184,Simple pass,70,31,74,66
2,Opponent2,Opponent2_M4,Opponent2_D2,1H,2033.676671,Simple pass,74,66,63,76
2,Opponent2,Opponent2_D2,Opponent2_D1,1H,2036.380311,Simple pass,63,76,73,90
2,Huskies,Huskies_M3,Huskies_D2,1H,2055.429365,Simple pass,28,30,23,39
2,Huskies,Huskies_D2,Huskies_M4,1H,2056.103615,Simple pass,23,39,31,55
2,Huskies,Huskies_M4,Huskies_M3,1H,2057.881719,Simple pass,31,55,27,48
2,Opponent2,Opponent2_D4,Opponent2_M3,1H,2061.556057,Head pass,32,23,5,2
2,Huskies,Huskies_F1,Huskies_D6,1H,2065.862801,Simple pass,67,96,67,87
2,Huskies,Huskies_D6,Huskies_F1,1H,2071.337066,Simple pass,78,68,91,75
2,Huskies,Huskies_F1,Huskies_F2,1H,2073.628968,Cross,92,76,90,58
2,Opponent2,Opponent2_M1,Opponent2_D4,1H,2144.529452,Simple pass,41,52,40,26
2,Opponent2,Opponent2_D4,Opponent2_M1,1H,2148.492981,Simple pass,40,26,53,49
2,Opponent2,Opponent2_M1,Opponent2_D4,1H,2150.505921,Simple pass,53,49,59,17
2,Opponent2,Opponent2_D4,Opponent2_M2,1H,2153.306498,Simple pass,59,17,67,14
2,Opponent2,Opponent2_M2,Opponent2_M1,1H,2158.490572,Simple pass,67,14,44,34
2,Opponent2,Opponent2_M1,Opponent2_D3,1H,2161.932086,Simple pass,44,34,38,44
2,Opponent2,Opponent2_D3,Opponent2_D4,1H,2165.170817,Simple pass,38,44,62,11
2,Opponent2,Opponent2_D4,Opponent2_M1,1H,2170.36238,Simple pass,62,11,56,33
2,Opponent2,Opponent2_M1,Opponent2_D4,1H,2174.25592,Simple pass,56,33,72,22
2,Opponent2,Opponent2_F1,Opponent2_M4,1H,2182.510169,Simple pass,88,43,74,47
2,Opponent2,Opponent2_D4,Opponent2_M4,1H,2189.441573,Simple pass,70,13,64,14
2,Opponent2,Opponent2_M4,Opponent2_D3,1H,2191.526451,Simple pass,64,14,61,29
2,Opponent2,Opponent2_D3,Opponent2_D4,1H,2194.497236,Simple pass,61,29,59,5
2,Opponent2,Opponent2_M3,Opponent2_F1,1H,2288.374582,Simple pass,35,8,39,16
2,Huskies,Huskies_F2,Huskies_D3,1H,2292.403581,Simple pass,67,75,38,53
2,Huskies,Huskies_D3,Huskies_G1,1H,2295.739706,Simple pass,38,53,13,68
2,Opponent2,Opponent2_M1,Opponent2_D3,1H,2324.392349,Simple pass,48,33,47,53
2,Opponent2,Opponent2_D3,Opponent2_D2,1H,2326.403342,Simple pass,47,53,57,74
2,Opponent2,Opponent2_D1,Opponent2_D2,1H,2333.669684,Simple pass,58,70,40,83
2,Opponent2,Opponent2_D2,Opponent2_D4,1H,2337.128402,Simple pass,40,83,57,18
2,Opponent2,Opponent2_M4,Opponent2_F1,1H,2393.027729,Smart pass,70,30,88,37
2,Huskies,Huskies_F1,Huskies_D6,1H,2436.05135,Simple pass,65,95,54,95
2,Opponent2,Opponent2_M3,Opponent2_D3,1H,2448.322464,Simple pass,17,7,8,15
2,Opponent2,Opponent2_D3,Opponent2_M3,1H,2450.540946,Simple pass,8,15,26,8
2,Opponent2,Opponent2_M3,Opponent2_M2,1H,2452.571403,Simple pass,26,8,24,18
2,Opponent2,Opponent2_M2,Opponent2_D3,1H,2456.714065,Simple pass,24,18,16,49
2,Opponent2,Opponent2_D3,Opponent2_D2,1H,2458.567808,Simple pass,16,49,38,67
2,Huskies,Huskies_D6,Huskies_M1,1H,2507.90303,Simple pass,77,90,68,91
2,Huskies,Huskies_M1,Huskies_D6,1H,2510.105634,Simple pass,68,91,96,99
2,Huskies,Huskies_D6,Huskies_M1,1H,2514.8858,Simple pass,72,95,64,95
2,Huskies,Huskies_M1,Huskies_F2,1H,2515.888383,Simple pass,64,95,68,86
2,Huskies,Huskies_F2,Huskies_D1,1H,2516.779987,Simple pass,68,86,39,91
2,Huskies,Huskies_D1,Huskies_G1,1H,2520.48757,Simple pass,39,91,13,81
2,Opponent2,Opponent2_F1,Opponent2_M4,1H,2526.007379,Head pass,72,13,75,43
2,Opponent2,Opponent2_M4,Opponent2_D1,1H,2528.541073,Simple pass,75,43,78,69
2,Huskies,Huskies_F2,Huskies_D4,1H,2537.733072,Simple pass,44,38,41,12
2,Huskies,Huskies_D4,Huskies_F1,1H,2540.645676,Simple pass,41,12,59,14
2,Huskies,Huskies_F1,Huskies_F2,1H,2543.170259,Simple pass,59,14,43,39
2,Opponent2,Opponent2_M2,Opponent2_F2,1H,2555.781843,Simple pass,78,29,95,24
2,Opponent2,Opponent2_F2,Opponent2_F1,1H,2557.95541,Cross,95,24,89,59
2,Opponent2,Opponent2_D2,Opponent2_D4,1H,2703.181919,Simple pass,24,78,22,16
2,Opponent2,Opponent2_D4,Opponent2_D3,1H,2714.355812,Simple pass,29,20,33,53
2,Opponent2,Opponent2_D3,Opponent2_D2,1H,2715.681202,Simple pass,33,53,52,81
2,Opponent2,Opponent2_F1,Opponent2_M4,1H,2727.728846,Simple pass,70,85,64,93
2,Huskies,Huskies_D6,Huskies_F1,1H,2762.816826,Head pass,71,94,79,88
2,Huskies,Huskies_D1,Huskies_D2,1H,2783.160543,Simple pass,59,97,35,77
2,Huskies,Huskies_D2,Huskies_G1,1H,2786.532626,Simple pass,35,77,21,56
2,Huskies,Huskies_G1,Huskies_F2,1H,2793.572791,Launch,21,56,73,36
2,Huskies,Huskies_F2,Huskies_D3,2H,0.486166,Simple pass,50,51,33,37
2,Huskies,Huskies_D1,Huskies_D2,2H,36.510827,Simple pass,34,79,29,42
2,Huskies,Huskies_D2,Huskies_D3,2H,38.935952,Simple pass,29,42,30,13
2,Huskies,Huskies_D3,Huskies_G1,2H,41.65716,Simple pass,30,13,11,54
2,Huskies,Huskies_F1,Huskies_M1,2H,53.076389,Simple pass,62,97,93,96
2,Huskies,Huskies_M3,Huskies_D1,2H,58.280303,Simple pass,38,65,33,68
2,Huskies,Huskies_D1,Huskies_G1,2H,60.063386,Simple pass,33,68,11,56
2,Huskies,Huskies_M1,Huskies_D1,2H,71.755865,Simple pass,37,86,30,74
2,Huskies,Huskies_D1,Huskies_D2,2H,73.871948,Simple pass,30,74,28,48
2,Huskies,Huskies_D2,Huskies_D3,2H,78.175031,Simple pass,28,48,28,26
2,Huskies,Huskies_D3,Huskies_D1,2H,80.641114,Simple pass,28,26,24,69
2,Huskies,Huskies_D1,Huskies_G1,2H,83.567197,Simple pass,24,69,8,43
2,Opponent2,Opponent2_M4,Opponent2_M3,2H,108.551619,Simple pass,48,17,38,18
2,Opponent2,Opponent2_M3,Opponent2_D4,2H,109.584718,Simple pass,38,18,20,13
2,Opponent2,Opponent2_D4,Opponent2_G1,2H,113.137035,Simple pass,20,13,4,42
2,Opponent2,Opponent2_G1,Opponent2_D3,2H,115.548915,Simple pass,4,42,15,47
2,Opponent2,Opponent2_D3,Opponent2_D4,2H,117.534162,Simple pass,15,47,19,12
2,Opponent2,Opponent2_D4,Opponent2_D2,2H,125.841672,High pass,27,23,33,88
2,Opponent2,Opponent2_D2,Opponent2_F3,2H,129.610293,Simple pass,33,88,59,98
2,Opponent2,Opponent2_F3,Opponent2_D2,2H,130.381694,Simple pass,59,98,30,94
2,Opponent2,Opponent2_D2,Opponent2_D3,2H,134.063578,Simple pass,30,94,9,70
2,Opponent2,Opponent2_D3,Opponent2_G1,2H,136.378748,Simple pass,9,70,11,33
2,Opponent2,Opponent2_F2,Opponent2_F3,2H,144.495697,Simple pass,56,70,82,79
2,Huskies,Huskies_D1,Huskies_M1,2H,157.859561,Simple pass,28,74,32,61
2,Huskies,Huskies_M1,Huskies_D2,2H,159.908644,Simple pass,32,61,25,65
2,Huskies,Huskies_D2,Huskies_D1,2H,161.436727,Simple pass,25,65,29,94
2,Huskies,Huskies_D1,Huskies_D6,2H,163.634893,Simple pass,29,94,39,89
2,Opponent2,Opponent2_G1,Opponent2_D4,2H,189.582584,Simple pass,10,53,14,13
2,Opponent2,Opponent2_D4,Opponent2_G1,2H,193.505859,Simple pass,14,13,5,55
2,Opponent2,Opponent2_G1,Opponent2_D2,2H,197.281831,Simple pass,5,55,20,95
2,Opponent2,Opponent2_G1,Opponent2_D4,2H,209.076808,Hand pass,13,60,44,31
2,Opponent2,Opponent2_D4,Opponent2_M2,2H,213.888594,Simple pass,44,31,57,47
2,Opponent2,Opponent2_M2,Opponent2_D3,2H,215.029932,Simple pass,57,47,64,58
2,Opponent2,Opponent2_D3,Opponent2_M2,2H,218.390968,Simple pass,64,58,70,35
2,Opponent2,Opponent2_M2,Opponent2_M3,2H,233.326716,Simple pass,64,14,40,18
2,Opponent2,Opponent2_M3,Opponent2_D4,2H,235.849356,Simple pass,40,18,26,11
2,Opponent2,Opponent2_D4,Opponent2_G1,2H,237.52358,Simple pass,26,11,11,49
2,Opponent2,Opponent2_G1,Opponent2_D3,2H,242.896218,Simple pass,11,49,20,49
2,Opponent2,Opponent2_D3,Opponent2_M2,2H,245.014153,Simple pass,20,49,34,47
2,Opponent2,Opponent2_M2,Opponent2_D4,2H,247.544055,Simple pass,34,47,25,20
2,Opponent2,Opponent2_D4,Opponent2_F2,2H,252.530703,Simple pass,38,21,61,32
2,Huskies,Huskies_M4,Huskies_D1,2H,255.54933,Simple pass,36,65,30,73
2,Huskies,Huskies_D1,Huskies_D3,2H,257.095413,Simple pass,30,73,28,50
2,Huskies,Huskies_D3,Huskies_G1,2H,260.141517,Simple pass,28,50,9,53
2,Opponent2,Opponent2_D3,Opponent2_D4,2H,273.345082,Simple pass,14,15,21,8
2,Opponent2,Opponent2_D4,Opponent2_D2,2H,277.611589,High pass,21,8,27,84
2,Opponent2,Opponent2_D2,Opponent2_M4,2H,281.065403,Simple pass,27,84,63,78
2,Opponent2,Opponent2_M4,Opponent2_D4,2H,285.751431,Simple pass,63,78,65,34
2,Opponent2,Opponent2_D4,Opponent2_F2,2H,291.602796,Simple pass,67,33,72,44
2,Opponent2,Opponent2_F2,Opponent2_M1,2H,293.384183,Simple pass,72,44,70,49
2,Opponent2,Opponent2_M1,Opponent2_M4,2H,295.409509,Simple pass,70,49,70,84
2,Opponent2,Opponent2_M4,Opponent2_M2,2H,297.738943,Simple pass,70,84,80,86
2,Opponent2,Opponent2_M2,Opponent2_M2,2H,299.481562,Simple pass,80,86,77,86
2,Opponent2,Opponent2_M2,Opponent2_M4,2H,301.37987,Simple pass,77,86,81,74
2,Opponent2,Opponent2_M4,Opponent2_F2,2H,304.135596,Simple pass,82,60,82,51
2,Opponent2,Opponent2_M2,Opponent2_M1,2H,343.39767,Simple pass,74,85,52,54
2,Opponent2,Opponent2_M1,Opponent2_F3,2H,347.957144,Simple pass,52,54,60,83
2,Opponent2,Opponent2_F3,Opponent2_M2,2H,350.290195,Simple pass,60,83,67,85
2,Opponent2,Opponent2_M2,Opponent2_D2,2H,353.496699,Simple pass,67,85,41,80
2,Opponent2,Opponent2_D2,Opponent2_G1,2H,356.069721,Simple pass,41,80,8,51
2,Opponent2,Opponent2_G1,Opponent2_M1,2H,363.797184,Simple pass,8,51,21,24
2,Opponent2,Opponent2_M1,Opponent2_M4,2H,366.817386,Simple pass,21,24,27,30
2,Opponent2,Opponent2_M4,Opponent2_D4,2H,368.14283,Simple pass,27,30,30,7
2,Opponent2,Opponent2_M2,Opponent2_M2,2H,410.810303,Head pass,76,78,10,10
2,Opponent2,Opponent2_D4,Opponent2_M2,2H,411.913159,Simple pass,78,72,91,87
2,Opponent2,Opponent2_M2,Opponent2_F3,2H,418.126353,Simple pass,91,87,87,75
2,Huskies,Huskies_M1,Huskies_F2,2H,420.858257,Simple pass,13,31,91,89
2,Opponent2,Opponent2_M4,Opponent2_F3,2H,426.096692,Simple pass,70,80,90,79
2,Huskies,Huskies_M3,Huskies_F1,2H,435.998963,Simple pass,29,55,31,74
2,Opponent2,Opponent2_M1,Opponent2_G1,2H,456.22289,Simple pass,24,22,10,59
2,Opponent2,Opponent2_G1,Opponent2_D2,2H,457.95628,Simple pass,10,59,28,87
2,Opponent2,Opponent2_D2,Opponent2_M1,2H,464.182237,High pass,28,87,38,23
2,Opponent2,Opponent2_M1,Opponent2_M4,2H,469.799915,Simple pass,38,23,68,18
2,Huskies,Huskies_D6,Huskies_G1,2H,476.357565,Simple pass,19,90,6,72
2,Opponent2,Opponent2_M1,Opponent2_G1,2H,484.960197,Simple pass,36,15,10,50
2,Opponent2,Opponent2_G1,Opponent2_D4,2H,489.549086,Simple pass,10,50,17,30
2,Opponent2,Opponent2_D4,Opponent2_M1,2H,491.590578,Simple pass,17,30,41,28
2,Opponent2,Opponent2_M4,Opponent2_M1,2H,519.867411,Simple pass,66,18,68,29
2,Opponent2,Opponent2_M1,Opponent2_F2,2H,522.245551,Simple pass,68,29,69,49
2,Opponent2,Opponent2_F2,Opponent2_M2,2H,524.270245,Simple pass,69,49,70,49
2,Huskies,Huskies_D1,Huskies_M1,2H,544.658708,Simple pass,17,86,26,66
2,Huskies,Huskies_M1,Huskies_D3,2H,547.592791,Simple pass,26,66,20,22
2,Huskies,Huskies_D3,Huskies_G1,2H,552.567895,Simple pass,20,22,3,9
2,Opponent2,Opponent2_F2,Opponent2_D4,2H,585.320955,Simple pass,56,67,43,33
2,Opponent2,Opponent2_D4,Opponent2_M4,2H,587.012284,Simple pass,43,33,66,27
2,Opponent2,Opponent2_M4,Opponent2_M1,2H,591.851488,Simple pass,66,27,68,55
2,Opponent2,Opponent2_M1,Opponent2_D2,2H,594.46384,Simple pass,68,55,62,86
2,Opponent2,Opponent2_D2,Opponent2_F3,2H,597.248612,Simple pass,62,86,69,88
2,Opponent2,Opponent2_F3,Opponent2_M2,2H,602.237455,Simple pass,73,74,77,62
2,Huskies,Huskies_D4,Huskies_M4,2H,604.095893,Simple pass,24,31,29,22
2,Huskies,Huskies_M4,Huskies_F2,2H,605.815976,Simple pass,29,22,28,6
2,Opponent2,Opponent2_F3,Opponent2_D2,2H,621.060494,Simple pass,91,93,91,92
2,Opponent2,Opponent2_D2,Opponent2_F2,2H,622.752987,Cross,91,92,92,47
2,Opponent2,Opponent2_M1,Opponent2_M4,2H,627.88994,Simple pass,72,74,75,81
2,Opponent2,Opponent2_D4,Opponent2_G1,2H,642.808393,Simple pass,21,50,7,55
2,Opponent2,Opponent2_G1,Opponent2_D2,2H,643.948205,Simple pass,7,55,30,85
2,Opponent2,Opponent2_D2,Opponent2_M4,2H,647.484021,Simple pass,30,85,40,66
2,Opponent2,Opponent2_M4,Opponent2_M2,2H,650.48378,Simple pass,40,66,64,38
2,Opponent2,Opponent2_M2,Opponent2_M3,2H,651.723041,Simple pass,64,38,65,19
2,Opponent2,Opponent2_M3,Opponent2_M1,2H,654.447002,Simple pass,65,19,53,39
2,Opponent2,Opponent2_M1,Opponent2_D4,2H,659.533098,Simple pass,53,39,67,30
2,Opponent2,Opponent2_M1,Opponent2_M4,2H,672.007036,Simple pass,64,52,74,77
2,Opponent2,Opponent2_M4,Opponent2_F3,2H,674.309666,Simple pass,74,77,68,89
2,Opponent2,Opponent2_F3,Opponent2_M4,2H,677.252026,Simple pass,68,89,75,81
2,Opponent2,Opponent2_M4,Opponent2_F3,2H,678.682143,Simple pass,75,81,10,10
2,Opponent2,Opponent2_G1,Opponent2_D4,2H,831.641052,Hand pass,13,49,33,29
2,Opponent2,Opponent2_D4,Opponent2_D3,2H,839.761953,Simple pass,33,29,29,54
2,Opponent2,Opponent2_D3,Opponent2_G1,2H,842.271172,Simple pass,29,54,6,52
2,Opponent2,Opponent2_G1,Opponent2_M3,2H,846.516221,Launch,6,52,62,25
2,Huskies,Huskies_D1,Huskies_G1,2H,851.92701,Simple pass,37,61,8,44
2,Huskies,Huskies_G1,Huskies_D3,2H,855.014156,Launch,8,44,25,26
2,Huskies,Huskies_D3,Huskies_M3,2H,858.468571,Head pass,25,26,32,16
2,Huskies,Huskies_M3,Huskies_D4,2H,860.195737,Simple pass,32,16,28,6
2,Huskies,Huskies_D4,Huskies_D3,2H,861.62282,Simple pass,28,6,25,26
2,Huskies,Huskies_D3,Huskies_D4,2H,862.477883,Simple pass,25,26,27,6
2,Huskies,Huskies_D4,Huskies_M3,2H,864.513987,Simple pass,27,6,33,14
2,Huskies,Huskies_M3,Huskies_D3,2H,865.75307,Simple pass,33,14,26,17
2,Huskies,Huskies_D3,Huskies_F2,2H,866.990797,High pass,26,17,93,88
2,Opponent2,Opponent2_D3,Opponent2_G1,2H,872.379778,Simple pass,24,95,11,56
2,Opponent2,Opponent2_G1,Opponent2_D4,2H,876.500455,Simple pass,11,56,28,12
2,Opponent2,Opponent2_D4,Opponent2_G1,2H,880.813969,Simple pass,28,12,12,33
2,Opponent2,Opponent2_G1,Opponent2_M1,2H,885.072892,Simple pass,12,33,27,35
2,Opponent2,Opponent2_M1,Opponent2_G1,2H,886.219717,Simple pass,27,35,9,32
2,Opponent2,Opponent2_G1,Opponent2_D4,2H,890.254868,Simple pass,9,32,15,10
2,Huskies,Huskies_M1,Huskies_M3,2H,962.635732,Head pass,69,67,65,52
2,Huskies,Huskies_M3,Huskies_D4,2H,964.983815,Simple pass,65,52,53,23
2,Huskies,Huskies_D4,Huskies_D3,2H,967.178981,Simple pass,53,23,38,44
2,Huskies,Huskies_M2,Huskies_D4,2H,1001.604145,Simple pass,61,6,54,3
2,Huskies,Huskies_M2,Huskies_D4,2H,1024.999288,Simple pass,76,10,80,5
2,Huskies,Huskies_M6,Huskies_M3,2H,1029.77062,Simple pass,73,4,76,0
2,Huskies,Huskies_M3,Huskies_D4,2H,1032.002703,Simple pass,76,0,84,4
2,Opponent2,Opponent2_M4,Opponent2_F2,2H,1114.929893,Simple pass,25,20,66,16
2,Opponent2,Opponent2_F2,Opponent2_M4,2H,1121.019453,Simple pass,69,25,70,36
2,Opponent2,Opponent2_M4,Opponent2_M2,2H,1122.758092,Simple pass,70,36,90,61
2,Opponent2,Opponent2_M2,Opponent2_F3,2H,1124.441065,Simple pass,90,61,12,10
2,Opponent2,Opponent2_D2,Opponent2_M1,2H,1133.976191,Simple pass,75,78,72,50
2,Opponent2,Opponent2_M1,Opponent2_D4,2H,1136.006663,Simple pass,72,50,74,31
2,Opponent2,Opponent2_D4,Opponent2_M1,2H,1139.192716,Simple pass,74,31,68,53
2,Opponent2,Opponent2_F3,Opponent2_F3,2H,1145.004275,Simple pass,76,62,74,66
2,Huskies,Huskies_M6,Huskies_F2,2H,1146.583927,Simple pass,32,33,39,63
2,Huskies,Huskies_F2,Huskies_F1,2H,1148.386093,High pass,39,63,87,83
2,Huskies,Huskies_M1,Huskies_D3,2H,1197.928443,Simple pass,37,66,28,55
2,Huskies,Huskies_D3,Huskies_G1,2H,1199.804526,Simple pass,28,55,9,49
2,Huskies,Huskies_D6,Huskies_F1,2H,1217.605817,High pass,29,90,70,95
2,Opponent2,Opponent2_M3,Opponent2_G1,2H,1240.349862,Simple pass,23,11,9,44
2,Opponent2,Opponent2_G1,Opponent2_D4,2H,1245.644079,Simple pass,9,44,11,76
2,Opponent2,Opponent2_D4,Opponent2_G1,2H,1246.392219,Simple pass,11,76,11,43
2,Opponent2,Opponent2_G1,Opponent2_D5,2H,1249.714869,High pass,11,43,32,93
2,Opponent2,Opponent2_D5,Opponent2_D4,2H,1252.110432,Simple pass,32,93,19,88
2,Opponent2,Opponent2_D4,Opponent2_F3,2H,1257.711158,Simple pass,19,88,42,71
2,Opponent2,Opponent2_F3,Opponent2_M4,2H,1259.412712,Simple pass,42,71,41,79
2,Huskies,Huskies_M6,Huskies_D4,2H,1262.864606,Simple pass,58,16,43,4
2,Opponent2,Opponent2_M1,Opponent2_M4,2H,1268.700549,Simple pass,32,74,39,81
2,Opponent2,Opponent2_M4,Opponent2_M2,2H,1271.090816,Simple pass,39,81,42,74
2,Opponent2,Opponent2_M2,Opponent2_D5,2H,1271.971061,Simple pass,42,74,67,95
2,Huskies,Huskies_M6,Huskies_F2,2H,1284.211208,Simple pass,28,8,32,28
2,Huskies,Huskies_F2,Huskies_M2,2H,1285.243291,Simple pass,32,28,28,16
2,Huskies,Huskies_M2,Huskies_M6,2H,1286.309354,Simple pass,28,16,39,5
2,Huskies,Huskies_M2,Huskies_D4,2H,1309.554769,Simple pass,51,10,42,4
2,Opponent2,Opponent2_D5,Opponent2_F3,2H,1320.812359,Simple pass,34,97,46,90
2,Opponent2,Opponent2_F3,Opponent2_D5,2H,1323.292498,Simple pass,46,90,46,95
2,Opponent2,Opponent2_D5,Opponent2_M4,2H,1324.531979,Simple pass,46,95,79,92
2,Huskies,Huskies_M2,Huskies_F2,2H,1352.613516,Simple pass,28,76,25,95
2,Opponent2,Opponent2_D4,Opponent2_M2,2H,1371.115399,Simple pass,37,33,61,22
2,Opponent2,Opponent2_M2,Opponent2_D2,2H,1372.176696,Simple pass,61,22,38,20
2,Opponent2,Opponent2_D2,Opponent2_D5,2H,1374.72502,High pass,38,20,64,96
2,Huskies,Huskies_M2,Huskies_M6,2H,1382.17701,Simple pass,38,17,31,5
2,Opponent2,Opponent2_M4,Opponent2_M2,2H,1433.74119,Simple pass,45,75,61,57
2,Opponent2,Opponent2_M2,Opponent2_M4,2H,1434.977732,Simple pass,61,57,54,54
2,Opponent2,Opponent2_M4,Opponent2_M5,2H,1440.409756,Simple pass,73,56,77,79
2,Opponent2,Opponent2_M5,Opponent2_D5,2H,1441.443207,Simple pass,77,79,89,92
2,Huskies,Huskies_M1,Huskies_D6,2H,1470.789152,Simple pass,42,76,40,92
2,Huskies,Huskies_D6,Huskies_F1,2H,1472.709318,High pass,40,92,70,84
2,Huskies,Huskies_F1,Huskies_F2,2H,1474.593401,Simple pass,70,84,72,81
2,Huskies,Huskies_F2,Huskies_M1,2H,1481.027357,Simple pass,72,81,68,58
2,Huskies,Huskies_M1,Huskies_M6,2H,1483.182857,Simple pass,68,58,73,33
2,Huskies,Huskies_M6,Huskies_D4,2H,1484.126961,Simple pass,73,33,74,8
2,Opponent2,Opponent2_F2,Opponent2_M2,2H,1508.48868,Cross,90,77,91,57
2,Opponent2,Opponent2_M2,Opponent2_M5,2H,1509.502161,Simple pass,91,57,90,58
2,Huskies,Huskies_D3,Huskies_D1,2H,1549.497959,Head pass,29,48,24,96
2,Opponent2,Opponent2_D2,Opponent2_D4,2H,1577.743727,Simple pass,36,23,38,59
2,Opponent2,Opponent2_D4,Opponent2_F3,2H,1581.843067,Simple pass,38,59,68,51
2,Opponent2,Opponent2_F3,Opponent2_M2,2H,1584.237861,Simple pass,68,51,65,31
2,Opponent2,Opponent2_M2,Opponent2_F3,2H,1586.015088,Simple pass,65,31,73,56
2,Opponent2,Opponent2_M2,Opponent2_M4,2H,1620.718354,Simple pass,37,27,36,31
2,Huskies,Huskies_M3,Huskies_M1,2H,1622.825061,Simple pass,60,54,61,73
2,Huskies,Huskies_M1,Huskies_F2,2H,1624.092144,Simple pass,61,73,65,88
2,Huskies,Huskies_F2,Huskies_D6,2H,1624.921207,Simple pass,65,88,56,91
2,Huskies,Huskies_D6,Huskies_F2,2H,1627.09429,Simple pass,56,91,66,93
2,Opponent2,Opponent2_D4,Opponent2_F3,2H,1657.981527,Launch,13,32,43,22
2,Opponent2,Opponent2_D2,Opponent2_M1,2H,1666.473386,Simple pass,11,29,11,9
2,Opponent2,Opponent2_M1,Opponent2_F2,2H,1669.009539,Launch,11,9,6,7
2,Huskies,Huskies_M3,Huskies_M6,2H,1672.50587,Simple pass,55,42,59,22
2,Opponent2,Opponent2_D5,Opponent2_M4,2H,1676.245684,Simple pass,42,82,49,55
2,Opponent2,Opponent2_F2,Opponent2_D5,2H,1716.166933,Simple pass,79,89,71,82
2,Opponent2,Opponent2_D5,Opponent2_M4,2H,1717.582281,Simple pass,71,82,70,72
2,Opponent2,Opponent2_M4,Opponent2_F2,2H,1722.685223,Simple pass,70,72,83,78
2,Opponent2,Opponent2_F2,Opponent2_F3,2H,1723.045491,Simple pass,83,78,88,69
2,Opponent2,Opponent2_M1,Opponent2_D4,2H,1762.224515,Simple pass,28,17,24,76
2,Opponent2,Opponent2_D4,Opponent2_M5,2H,1766.626754,Simple pass,24,76,37,61
2,Opponent2,Opponent2_M5,Opponent2_M2,2H,1774.06789,Simple pass,37,61,65,76
2,Opponent2,Opponent2_M2,Opponent2_F2,2H,1777.317505,Simple pass,65,76,78,83
2,Opponent2,Opponent2_F2,Opponent2_M4,2H,1778.283507,Simple pass,78,83,82,53
2,Opponent2,Opponent2_M2,Opponent2_F2,2H,1797.304701,Cross,97,26,99,69
2,Opponent2,Opponent2_D4,Opponent2_M5,2H,1889.499336,Simple pass,30,53,33,52
2,Opponent2,Opponent2_M5,Opponent2_D5,2H,1891.107105,Simple pass,33,52,35,78
2,Opponent2,Opponent2_D5,Opponent2_F3,2H,1893.407316,Simple pass,35,78,77,88
2,Opponent2,Opponent2_F3,Opponent2_D5,2H,1900.542079,Smart pass,77,88,93,67
2,Huskies,Huskies_M1,Huskies_F1,2H,1911.396246,High pass,10,87,45,26
2,Opponent2,Opponent2_G1,Opponent2_D2,2H,1992.563957,Hand pass,12,48,29,34
2,Opponent2,Opponent2_D2,Opponent2_M1,2H,1995.213323,Simple pass,29,34,35,28
2,Opponent2,Opponent2_M1,Opponent2_D4,2H,1999.677752,Simple pass,35,28,36,79
2,Opponent2,Opponent2_D4,Opponent2_D5,2H,2004.143396,Simple pass,36,79,64,97
2,Opponent2,Opponent2_D2,Opponent2_M4,2H,2031.663808,Simple pass,34,72,41,77
2,Opponent2,Opponent2_M4,Opponent2_D4,2H,2033.644598,Simple pass,41,77,33,79
2,Opponent2,Opponent2_D4,Opponent2_M1,2H,2036.046653,Simple pass,33,79,42,23
2,Huskies,Huskies_M1,Huskies_D6,2H,2044.542946,Simple pass,30,68,43,87
2,Opponent2,Opponent2_F3,Opponent2_M2,2H,2055.835824,Smart pass,89,14,90,27
2,Opponent2,Opponent2_M2,Opponent2_F2,2H,2058.264955,Cross,90,27,93,61
2,Opponent2,Opponent2_D5,Opponent2_F3,2H,2086.537243,Head pass,71,94,74,84
2,Opponent2,Opponent2_D2,Opponent2_D4,2H,2095.257539,Simple pass,54,81,39,87
2,Opponent2,Opponent2_D4,Opponent2_M4,2H,2097.616762,Simple pass,39,87,53,51
2,Opponent2,Opponent2_M4,Opponent2_D5,2H,2103.240771,High pass,53,51,72,96
2,Huskies,Huskies_D1,Huskies_M1,2H,2131.792483,Simple pass,25,76,32,62
2,Huskies,Huskies_M1,Huskies_G1,2H,2133.12065,Simple pass,32,62,10,58
2,Opponent2,Opponent2_D2,Opponent2_D4,2H,2154.573548,Simple pass,7,31,9,72
2,Opponent2,Opponent2_M5,Opponent2_F2,2H,2165.379635,Head pass,37,76,53,56
2,Opponent2,Opponent2_F2,Opponent2_M2,2H,2166.114771,Simple pass,53,56,55,49
2,Opponent2,Opponent2_M2,Opponent2_F3,2H,2167.527314,Simple pass,55,49,76,83
2,Opponent2,Opponent2_D4,Opponent2_D5,2H,2180.191932,Simple pass,38,81,62,94
2,Opponent2,Opponent2_D5,Opponent2_M4,2H,2182.809609,Simple pass,62,94,63,81
2,Opponent2,Opponent2_M4,Opponent2_M5,2H,2187.429657,Simple pass,63,81,63,78
2,Opponent2,Opponent2_M5,Opponent2_D2,2H,2193.643806,Simple pass,63,78,66,35
2,Opponent2,Opponent2_D2,Opponent2_M1,2H,2196.527522,Simple pass,66,35,67,20
2,Opponent2,Opponent2_M1,Opponent2_M5,2H,2200.033011,Simple pass,67,20,72,37
2,Opponent2,Opponent2_M5,Opponent2_D2,2H,2201.968514,Simple pass,72,37,64,30
2,Opponent2,Opponent2_D2,Opponent2_M4,2H,2208.211498,Simple pass,71,61,73,82
2,Opponent2,Opponent2_M4,Opponent2_D5,2H,2210.807261,Simple pass,73,82,85,93
2,Opponent2,Opponent2_D5,Opponent2_M2,2H,2213.231494,Cross,85,93,90,43
2,Opponent2,Opponent2_M2,Opponent2_M4,2H,2296.19559,Simple pass,37,32,34,77
2,Opponent2,Opponent2_M4,Opponent2_D4,2H,2300.00394,Simple pass,34,77,44,82
2,Opponent2,Opponent2_D4,Opponent2_D2,2H,2306.010532,Simple pass,44,82,47,50
2,Opponent2,Opponent2_D2,Opponent2_M4,2H,2307.929105,Simple pass,47,50,47,56
2,Opponent2,Opponent2_M4,Opponent2_M1,2H,2308.747632,Simple pass,47,56,57,28
2,Opponent2,Opponent2_M1,Opponent2_D5,2H,2314.136884,High pass,57,28,63,96
2,Opponent2,Opponent2_D5,Opponent2_M2,2H,2318.777467,Simple pass,63,96,62,83
2,Opponent2,Opponent2_M2,Opponent2_D5,2H,2321.004366,Simple pass,62,83,70,79
2,Opponent2,Opponent2_D5,Opponent2_M5,2H,2322.795363,Simple pass,70,79,74,69
2,Opponent2,Opponent2_M5,Opponent2_D5,2H,2324.268408,Simple pass,74,69,73,65
2,Opponent2,Opponent2_D5,Opponent2_F2,2H,2324.504953,Simple pass,73,65,12,9
2,Opponent2,Opponent2_F2,Opponent2_M2,2H,2328.972983,Simple pass,92,83,79,87
2,Opponent2,Opponent2_M2,Opponent2_M5,2H,2331.674219,Simple pass,79,87,89,86
2,Opponent2,Opponent2_M5,Opponent2_D5,2H,2333.569231,Simple pass,89,86,90,75
2,Opponent2,Opponent2_M4,Opponent2_D5,2H,2348.700938,Simple pass,75,66,87,81
2,Opponent2,Opponent2_D5,Opponent2_M5,2H,2352.793458,Simple pass,89,83,75,49
2,Opponent2,Opponent2_M5,Opponent2_F3,2H,2354.811686,Simple pass,75,49,75,42
2,Opponent2,Opponent2_F3,Opponent2_F2,2H,2357.64227,Simple pass,75,42,96,39
2,Opponent2,Opponent2_M2,Opponent2_M1,2H,2400.82802,Simple pass,27,19,32,10
2,Opponent2,Opponent2_M2,Opponent2_F2,2H,2429.455683,Simple pass,38,23,68,34
2,Huskies,Huskies_M2,Huskies_G1,2H,2435.044328,Simple pass,21,74,9,65
2,Opponent2,Opponent2_M4,Opponent2_M1,2H,2441.348895,Simple pass,66,28,59,11
2,Opponent2,Opponent2_M1,Opponent2_M4,2H,2443.392955,Simple pass,59,11,58,22
2,Opponent2,Opponent2_M4,Opponent2_D4,2H,2445.520603,Simple pass,58,22,55,51
2,Opponent2,Opponent2_D4,Opponent2_M2,2H,2449.634253,Simple pass,70,52,77,60
2,Opponent2,Opponent2_M2,Opponent2_M5,2H,2452.876637,Simple pass,74,64,94,84
2,Huskies,Huskies_D1,Huskies_D6,2H,2525.586862,Head pass,39,78,59,95
2,Opponent2,Opponent2_M5,Opponent2_F3,2H,2554.930155,Simple pass,27,30,25,14
2,Opponent2,Opponent2_F3,Opponent2_M2,2H,2556.540608,Simple pass,25,14,30,22
2,Opponent2,Opponent2_M2,Opponent2_F3,2H,2557.072473,Simple pass,30,22,4,2
2,Opponent2,Opponent2_F3,Opponent2_F2,2H,2558.674556,Simple pass,27,7,41,31
2,Opponent2,Opponent2_M1,Opponent2_M4,2H,2708.926233,Simple pass,7,18,12,12
2,Opponent2,Opponent2_M5,Opponent2_M4,2H,2749.147046,Simple pass,37,74,40,86
2,Opponent2,Opponent2_M4,Opponent2_D4,2H,2751.242051,Simple pass,40,86,37,70
2,Opponent2,Opponent2_D4,Opponent2_D2,2H,2753.042129,Simple pass,37,70,37,30
2,Opponent2,Opponent2_D2,Opponent2_M1,2H,2755.609537,Simple pass,37,30,71,12
2,Opponent2,Opponent2_M1,Opponent2_M2,2H,2758.527463,Simple pass,71,12,64,20
2,Opponent2,Opponent2_M2,Opponent2_M1,2H,2760.990041,Simple pass,64,20,76,8
2,Opponent2,Opponent2_M1,Opponent2_M2,2H,2762.277468,Simple pass,76,8,66,15
2,Opponent2,Opponent2_M2,Opponent2_M5,2H,2764.017501,Simple pass,66,15,70,42
2,Opponent2,Opponent2_M5,Opponent2_F3,2H,2766.631559,Simple pass,70,42,9,5
2,Opponent2,Opponent2_M2,Opponent2_M5,2H,2772.927526,Simple pass,71,22,71,55
2,Opponent2,Opponent2_M5,Opponent2_D5,2H,2776.959243,Simple pass,71,55,65,84
2,Opponent2,Opponent2_D5,Opponent2_M5,2H,2780.075959,Simple pass,65,84,71,72
2,Huskies,Huskies_M2,Huskies_F1,2H,2788.677561,Simple pass,32,32,53,54
2,Huskies,Huskies_F1,Huskies_M7,2H,2794.36304,Simple pass,68,50,72,57
2,Opponent2,Opponent2_M5,Opponent2_M1,2H,2797.957114,Simple pass,35,40,59,28
2,Opponent2,Opponent2_M1,Opponent2_F3,2H,2801.825481,Simple pass,59,28,82,31
2,Opponent2,Opponent2_F3,Opponent2_D5,2H,2807.151111,Cross,94,33,84,94
2,Opponent2,Opponent2_D5,Opponent2_D4,2H,2812.963718,Simple pass,84,94,72,74
2,Opponent2,Opponent2_D4,Opponent2_M4,2H,2817.743258,Simple pass,72,74,71,41
2,Opponent2,Opponent2_M4,Opponent2_M5,2H,2820.217447,Simple pass,71,41,69,55
2,Opponent2,Opponent2_M5,Opponent2_M2,2H,2821.366879,Simple pass,69,55,72,55
2,Opponent2,Opponent2_M2,Opponent2_M4,2H,2823.77304,Simple pass,72,55,72,30
2,Opponent2,Opponent2_M4,Opponent2_M5,2H,2827.961204,Simple pass,72,30,73,69
2,Opponent2,Opponent2_F3,Opponent2_D5,2H,2835.515161,Simple pass,97,74,91,89
2,Opponent2,Opponent2_D2,Opponent2_M5,2H,2842.27184,Simple pass,80,79,74,66
2,Opponent2,Opponent2_M1,Opponent2_M4,2H,2855.578163,Simple pass,88,9,72,16
2,Opponent2,Opponent2_M4,Opponent2_D2,2H,2858.770974,Simple pass,72,16,73,40
2,Opponent2,Opponent2_D2,Opponent2_M4,2H,2860.047757,Simple pass,73,40,72,36
2,Opponent2,Opponent2_M4,Opponent2_F3,2H,2862.466264,Simple pass,72,36,83,53
2,Opponent2,Opponent2_F3,Opponent2_D5,2H,2864.327564,Simple pass,83,53,72,77
2,Opponent2,Opponent2_D5,Opponent2_M5,2H,2865.857573,Simple pass,72,77,77,59
2,Huskies,Huskies_D1,Huskies_D6,2H,2932.852162,Head pass,30,73,33,91
2,Opponent2,Opponent2_M1,Opponent2_M2,2H,2939.922357,Head pass,41,10,64,30
2,Opponent2,Opponent2_F2,Opponent2_M4,2H,2944.309644,Head pass,71,51,53,55
2,Opponent2,Opponent2_M4,Opponent2_D5,2H,2945.530591,Simple pass,53,55,79,92
